node1,node2,length,startLat,startLon,endLat,endLon,endNodeL,startNodeL,startYear,endYear,treeID,genotype
9,8,242.076884731926,7.43635457004925,4.85583687867867,10.686987,13.272643,242.076884731926,0,1726.92311526807,1969,179900000,1
9,10,93.1273222324168,7.43635457004925,4.85583687867867,7.48005581287278,4.81399636033747,93.1273222324168,0,1726.92311526807,1820.05043750049,179900000,1
10,11,149.929836190637,7.48005581287278,4.81399636033747,7.43274291597289,5.1816097245507,243.057158423054,93.1273222324168,1820.05043750049,1969.98027369113,179900000,1
10,12,95.6209505858127,7.48005581287278,4.81399636033747,7.56643299560478,4.66684809902901,188.748272818229,93.1273222324168,1820.05043750049,1915.6713880863,179900000,1
11,1,46.0552454345554,7.43274291597289,5.1816097245507,7.845422,5.182916,289.112403857609,243.057158423054,1969.98027369113,2016.03551912568,179900000,1
11,2,49.0635619253107,7.43274291597289,5.1816097245507,7.525829,5.762072,292.120720348365,243.057158423054,1969.98027369113,2019.04383561644,179900000,1
12,13,49.8388227023897,7.56643299560478,4.66684809902901,7.6620663650175,4.54649941935557,238.587095520619,188.748272818229,1915.6713880863,1965.51021078869,179900000,1
12,15,86.025841497112,7.56643299560478,4.66684809902901,7.66360106280999,4.6051533496499,274.774114315341,188.748272818229,1915.6713880863,2001.69722958341,179900000,1
13,5,43.6514330469235,7.6620663650175,4.54649941935557,7.68723475598097,4.61590108295289,282.238528567543,238.587095520619,1965.51021078869,2009.16164383562,179900000,1
13,14,25.0577844577634,7.6620663650175,4.54649941935557,7.65821989470167,4.66148994003828,263.644879978383,238.587095520619,1965.51021078869,1990.56799524646,179900000,1
14,3,18.1806386333252,7.65821989470167,4.66148994003828,7.67893893468694,4.62058376398362,281.825518611708,263.644879978383,1990.56799524646,2008.74863387978,179900000,1
14,4,21.6341905458936,7.65821989470167,4.66148994003828,7.68402375249997,4.61871262668064,285.279070524276,263.644879978383,1990.56799524646,2012.20218579235,179900000,1
15,6,7.05140429636625,7.66360106280999,4.6051533496499,7.68367595095781,4.61756559725118,281.825518611708,274.774114315341,2001.69722958341,2008.74863387978,179900000,1
15,7,7.46441425220117,7.66360106280999,4.6051533496499,7.68513803796662,4.62131112959456,282.238528567543,274.774114315341,2001.69722958341,2009.16164383562,179900000,1
215,225,84.2541090005208,5.36398850487963,6.99358824477542,5.43107799565323,7.07115115588551,84.2541090005208,0,1738.78405015502,1823.03815915554,179900000,2
215,216,55.5723448504215,5.36398850487963,6.99358824477542,5.4846923133528,7.09509266136285,55.5723448504215,0,1738.78405015502,1794.35639500544,179900000,2
216,217,145.568032373598,5.4846923133528,7.09509266136285,5.48667069882584,7.03946641763948,201.14037722402,55.5723448504215,1794.35639500544,1939.92442737904,179900000,2
216,223,155.318914031667,5.4846923133528,7.09509266136285,6.04837581793926,8.06718620046758,210.891258882089,55.5723448504215,1794.35639500544,1949.67530903711,179900000,2
217,222,16.4737625647857,5.48667069882584,7.03946641763948,5.48150478130355,7.03067487329362,217.614139788805,201.14037722402,1939.92442737904,1956.39818994382,179900000,2
217,218,33.9268112672765,5.48667069882584,7.03946641763948,5.4831194499756,7.04422508248955,235.067188491296,201.14037722402,1939.92442737904,1973.85123864632,179900000,2
218,16,42.2197996050511,5.4831194499756,7.04422508248955,5.48623843337826,7.03533923161973,277.286988096347,235.067188491296,1973.85123864632,2016.07103825137,179900000,2
218,219,8.82899269995188,5.4831194499756,7.04422508248955,5.49855549819592,7.05972603686074,243.896181191248,235.067188491296,1973.85123864632,1982.68023134627,179900000,2
219,220,13.9958959471042,5.49855549819592,7.05972603686074,4.72673905369564,7.14744238256068,257.892077138352,243.896181191248,1982.68023134627,1996.67612729337,179900000,2
219,17,30.4101796126372,5.49855549819592,7.05972603686074,6.452667,7.510333,274.306360803885,243.896181191248,1982.68023134627,2013.0904109589,179900000,2
220,221,4.79382751957178,4.72673905369564,7.14744238256068,4.75815119615845,7.09198398088656,262.685904657924,257.892077138352,1996.67612729337,2001.46995481294,179900000,2
220,20,16.5978453093686,4.72673905369564,7.14744238256068,4.865528,7.013852,274.489922447721,257.892077138352,1996.67612729337,2013.27397260274,179900000,2
221,18,10.669389449352,4.75815119615845,7.09198398088656,4.77149,7.01435,273.355294107276,262.685904657924,2001.46995481294,2012.1393442623,179900000,2
221,19,14.5764932744886,4.75815119615845,7.09198398088656,5.033333,7.916667,277.262397932413,262.685904657924,2001.46995481294,2016.04644808743,179900000,2
222,22,32.6018100561757,5.48150478130355,7.03067487329362,5.48369238572034,7.03030527913325,250.215949844981,217.614139788805,1956.39818994382,1989,179900000,2
222,21,32.6018100561757,5.48150478130355,7.03067487329362,5.48772864083899,7.0353140341229,250.215949844981,217.614139788805,1956.39818994382,1989,179900000,2
223,25,66.4312483399417,6.04837581793926,8.06718620046758,6.0767,8.0701,277.32250722203,210.891258882089,1949.67530903711,2016.10655737705,179900000,2
223,224,21.3574032730676,6.04837581793926,8.06718620046758,6.0706916751533,7.89449405584262,232.248662155156,210.891258882089,1949.67530903711,1971.03271231018,179900000,2
224,23,17.9672876898248,6.0706916751533,7.89449405584262,6.74534245330252,6.13233981153653,250.215949844981,232.248662155156,1971.03271231018,1989,179900000,2
224,24,47.0576986487289,6.0706916751533,7.89449405584262,6.065463,7.81309,279.306360803885,232.248662155156,1971.03271231018,2018.0904109589,179900000,2
225,226,130.946223654075,5.43107799565323,7.07115115588551,6.29681036589661,8.15632818180092,215.200332654595,84.2541090005208,1823.03815915554,1953.98438280961,179900000,2
225,240,71.008718145784,5.43107799565323,7.07115115588551,6.18375135957648,6.72442457552381,155.262827146305,84.2541090005208,1823.03815915554,1894.04687730132,179900000,2
226,26,64.0484939027143,6.29681036589661,8.15632818180092,5.967,7.867,279.24882655731,215.200332654595,1953.98438280961,2018.03287671233,179900000,2
226,227,7.5099704312051,6.29681036589661,8.15632818180092,6.25212211693999,8.25336393555565,222.7103030858,215.200332654595,1953.98438280961,1961.49435324082,179900000,2
227,228,14.8875580729797,6.25212211693999,8.25336393555565,6.36612256372716,8.10602262686685,237.59786115878,222.7103030858,1961.49435324082,1976.3819113138,179900000,2
227,40,56.571400183838,6.25212211693999,8.25336393555565,6.556183,8.303293,279.281703269638,222.7103030858,1961.49435324082,2018.06575342466,179900000,2
228,230,15.5228313753608,6.36612256372716,8.10602262686685,6.33007019057204,8.08773955485617,253.120692534141,237.59786115878,1976.3819113138,1991.90474268916,179900000,2
228,229,30.6122738423694,6.36612256372716,8.10602262686685,6.33319174622189,8.10146672915736,268.21013500115,237.59786115878,1976.3819113138,2006.99418515617,179900000,2
229,27,1.18067823180943,6.33319174622189,8.10146672915736,6.3340603844046,8.10158542878039,269.390813232959,268.21013500115,2006.99418515617,2008.17486338798,179900000,2
229,28,11.1208833369819,6.33319174622189,8.10146672915736,6.32954021526562,8.10160991610717,279.331018338132,268.21013500115,2006.99418515617,2018.11506849315,179900000,2
230,231,1.52145474636701,6.33007019057204,8.08773955485617,6.33152091805027,8.0925619087431,254.642147280508,253.120692534141,1991.90474268916,1993.42619743553,179900000,2
230,39,26.1555312834427,6.33007019057204,8.08773955485617,6.032415,7.850118,279.276223817584,253.120692534141,1991.90474268916,2018.0602739726,179900000,2
231,237,0.601126406204756,6.33152091805027,8.0925619087431,6.33190210165941,8.09543182110675,255.243273686713,254.642147280508,1993.42619743553,1994.02732384173,179900000,2
231,232,3.99231201886732,6.33152091805027,8.0925619087431,6.32644737207394,8.08630676225547,258.634459299375,254.642147280508,1993.42619743553,1997.41850945439,179900000,2
232,34,20.6828604086192,6.32644737207394,8.08630676225547,6.1878,8.1189,279.317319707995,258.634459299375,1997.41850945439,2018.10136986301,179900000,2
232,233,6.3591942017504,6.32644737207394,8.08630676225547,6.32889549390526,8.10237246910275,264.993653501126,258.634459299375,1997.41850945439,2003.77770365614,179900000,2
233,234,14.2625547574605,6.32889549390526,8.10237246910275,6.17317373531015,7.94216890806505,279.256208258586,264.993653501126,2003.77770365614,2018.04025841361,179900000,2
233,235,7.34541167854092,6.32889549390526,8.10237246910275,6.32901266338308,8.10015017484175,272.339065179667,264.993653501126,2003.77770365614,2011.12311533469,179900000,2
234,30,0.0830292576275944,6.17317373531015,7.94216890806505,6.128725,8.00679,279.339237516214,279.256208258586,2018.04025841361,2018.12328767123,179900000,2
234,29,1.09124843570967,6.17317373531015,7.94216890806505,5.889345,7.953555,280.347456694296,279.256208258586,2018.04025841361,2019.13150684931,179900000,2
235,236,5.93146755010395,6.32901266338308,8.10015017484175,6.33003444407575,8.0997424709036,278.270532729771,272.339065179667,2011.12311533469,2017.05458288479,179900000,2
235,33,6.97825452832788,6.32901266338308,8.10015017484175,6.32853021561584,8.09720853811841,279.317319707995,272.339065179667,2011.12311533469,2018.10136986301,179900000,2
236,32,1.02486917000485,6.33003444407575,8.0997424709036,6.340038,8.129261,279.295401899775,278.270532729771,2017.05458288479,2018.07945205479,179900000,2
236,31,1.05500615630624,6.33003444407575,8.0997424709036,6.32911907820355,8.09975445732861,279.325538886077,278.270532729771,2017.05458288479,2018.1095890411,179900000,2
237,238,3.86877259931748,6.33190210165941,8.09543182110675,6.33221537485617,8.10018340098852,259.11204628603,255.243273686713,1994.02732384173,1997.89609644105,179900000,2
237,35,19.0384295829257,6.33190210165941,8.09543182110675,6.33542197984716,8.10173402108416,274.281703269638,255.243273686713,1994.02732384173,2013.06575342466,179900000,2
238,239,7.31111892596305,6.33221537485617,8.10018340098852,6.33168187837994,8.10406069360994,266.423165211993,259.11204628603,1997.89609644105,2005.20721536701,179900000,2
238,36,20.1943145178548,6.33221537485617,8.10018340098852,6.33630677242851,8.10280534528512,279.306360803885,259.11204628603,1997.89609644105,2018.0904109589,179900000,2
239,37,9.15716819463141,6.33168187837994,8.10406069360994,6.33547702560056,8.10274008583348,275.580333406625,266.423165211993,2005.20721536701,2014.36438356164,179900000,2
239,38,7.79278463298765,6.33168187837994,8.10406069360994,9.8,8.866667,274.215949844981,266.423165211993,2005.20721536701,2013,179900000,2
240,246,32.9601497754889,6.18375135957648,6.72442457552381,6.22634918219749,6.74583084649074,188.222976921794,155.262827146305,1894.04687730132,1927.00702707681,179900000,2
240,241,56.117876673226,6.18375135957648,6.72442457552381,6.18432134636306,6.74109028396256,211.380703819531,155.262827146305,1894.04687730132,1950.16475397455,179900000,2
241,46,23.9201775322994,6.18432134636306,6.74109028396256,6.166667,6.783333,235.30088135183,211.380703819531,1950.16475397455,1974.08493150685,179900000,2
241,242,2.61458244884707,6.18432134636306,6.74109028396256,8.89459213795743,11.3553803962696,213.995286268378,211.380703819531,1950.16475397455,1952.7793364234,179900000,2
242,243,34.3919089400507,8.89459213795743,11.3553803962696,8.89664151539116,11.3506065038752,248.387195208429,213.995286268378,1952.7793364234,1987.17124536345,179900000,2
242,244,22.8299494191667,8.89459213795743,11.3553803962696,8.89390508382562,11.3599880520585,236.825235687545,213.995286268378,1952.7793364234,1975.60928584256,179900000,2
243,41,24.9380442540389,8.89664151539116,11.3506065038752,8.89868503281071,11.3596034945244,273.325239462467,248.387195208429,1987.17124536345,2012.10928961749,179900000,2
243,42,28.8396835983012,8.89664151539116,11.3506065038752,7.251211,9.976395,277.22687880673,248.387195208429,1987.17124536345,2016.01092896175,179900000,2
244,45,36.4945392940483,8.89390508382562,11.3599880520585,8.89780085530812,11.3624183293186,273.319774981593,236.825235687545,1975.60928584256,2012.10382513661,179900000,2
244,245,26.7842789242264,8.89390508382562,11.3599880520585,8.88684489466851,11.3511220107328,263.609514611771,236.825235687545,1975.60928584256,2002.39356476679,179900000,2
245,43,10.7817776989634,8.88684489466851,11.3511220107328,8.89053487339525,11.355693094884,274.391292310734,263.609514611771,2002.39356476679,2013.17534246575,179900000,2
245,44,12.7571201647169,8.88684489466851,11.3511220107328,8.89345930412351,11.354910825262,276.366634776488,263.609514611771,2002.39356476679,2015.15068493151,179900000,2
246,249,10.3923091438916,6.22634918219749,6.74583084649074,6.2091135985541,6.73293854246289,198.615286065685,188.222976921794,1927.00702707681,1937.3993362207,179900000,2
246,247,64.303460405084,6.22634918219749,6.74583084649074,6.209472768194,6.73397739905187,252.526437326878,188.222976921794,1927.00702707681,1991.3104874819,179900000,2
247,47,27.7306084085143,6.209472768194,6.73397739905187,7.272099,6.346321,280.257045735392,252.526437326878,1991.3104874819,2019.04109589041,179900000,2
247,248,25.4250639430155,6.209472768194,6.73397739905187,6.2015608179229,6.72517524436064,277.951501269893,252.526437326878,1991.3104874819,2016.73555142491,179900000,2
248,48,1.39321569837533,6.2015608179229,6.72517524436064,6.20133496940156,6.72620757197668,279.344716968269,277.951501269893,2016.73555142491,2018.12876712329,179900000,2
248,49,1.40417460248499,6.2015608179229,6.72517524436064,6.20020129815663,6.73270137551181,279.355675872378,277.951501269893,2016.73555142491,2018.1397260274,179900000,2
249,250,18.4400443748209,6.2091135985541,6.73293854246289,6.20874842044089,6.73045199629734,217.055330440506,198.615286065685,1937.3993362207,1955.83938059553,179900000,2
249,410,51.1630414158048,6.2091135985541,6.73293854246289,6.21076260744234,6.72878203046171,249.77832748149,198.615286065685,1937.3993362207,1988.56237763651,179900000,2
250,253,1.30800392232504,6.20874842044089,6.73045199629734,6.68787667950477,6.40710220543178,218.363334362831,217.055330440506,1955.83938059553,1957.14738451785,179900000,2
250,251,31.4737697832023,6.20874842044089,6.73045199629734,6.20569236037573,6.72973022182228,248.529100223709,217.055330440506,1955.83938059553,1987.31315037873,179900000,2
251,52,25.0912212059719,6.20569236037573,6.72973022182228,6.19522199121483,6.73169385198519,273.62032142968,248.529100223709,1987.31315037873,2012.4043715847,179900000,2
251,252,22.4800302663952,6.20569236037573,6.72973022182228,6.44923633206492,6.72042512196169,271.009130490104,248.529100223709,1987.31315037873,2009.79318064512,179900000,2
252,50,8.32188784802782,6.44923633206492,6.72042512196169,6.452608,6.726605,279.331018338132,271.009130490104,2009.79318064512,2018.11506849315,179900000,2
252,51,8.28353168364437,6.44923633206492,6.72042512196169,6.452245,6.728375,279.292662173748,271.009130490104,2009.79318064512,2018.07671232877,179900000,2
253,254,0.848913581057779,6.68787667950477,6.40710220543178,6.68154553357537,6.4047635815784,219.212247943889,218.363334362831,1957.14738451785,1957.99629809891,179900000,2
253,263,10.5259158212297,6.68787667950477,6.40710220543178,6.70964502230466,6.32962206754681,228.889250184061,218.363334362831,1957.14738451785,1967.67330033908,179900000,2
254,262,28.2907639499366,6.68154553357537,6.4047635815784,6.67763263669295,6.40430838570231,247.503011893826,219.212247943889,1957.99629809891,1986.28706204884,179900000,2
254,255,33.9543029385583,6.68154553357537,6.4047635815784,6.75101299459545,6.12726440651526,253.166550882447,219.212247943889,1957.99629809891,1991.95060103747,179900000,2
255,261,25.248965912823,6.75101299459545,6.12726440651526,6.74729112457795,6.13033869952089,278.41551679527,253.166550882447,1991.95060103747,2017.19956695029,179900000,2
255,256,2.98841375498245,6.75101299459545,6.12726440651526,6.74894938739494,6.12771150230148,256.15496463743,253.166550882447,1991.95060103747,1994.93901479245,179900000,2
256,257,3.72372038906677,6.74894938739494,6.12771150230148,6.75293313655835,6.13413082204313,259.878685026497,256.15496463743,1994.93901479245,1998.66273518152,179900000,2
256,53,24.2281084952225,6.74894938739494,6.12771150230148,7.19852518787864,5.59047542348795,280.383073132652,256.15496463743,1994.93901479245,2019.16712328767,179900000,2
257,54,19.3537031746488,6.75293313655835,6.13413082204313,6.505376,6.207318,279.232388201145,259.878685026497,1998.66273518152,2018.01643835616,179900000,2
257,258,0.906847362487767,6.75293313655835,6.13413082204313,6.75440762692613,6.13535605627629,260.785532388984,259.878685026497,1998.66273518152,1999.569582544,179900000,2
258,58,19.4961708806541,6.75440762692613,6.13535605627629,6.74633222314302,6.13453035929464,280.281703269638,260.785532388984,1999.569582544,2019.06575342466,179900000,2
258,259,0.84809340488663,6.75440762692613,6.13535605627629,6.74608576469206,6.1281648857198,261.633625793871,260.785532388984,1999.569582544,2000.41767594889,179900000,2
259,260,8.72634278315185,6.74608576469206,6.1281648857198,6.73252134609598,6.11173795313297,270.359968577023,261.633625793871,2000.41767594889,2009.14401873204,179900000,2
259,55,17.754926790836,6.74608576469206,6.1281648857198,6.75374191428297,6.13114336206488,279.388552584707,261.633625793871,2000.41767594889,2018.17260273973,179900000,2
260,57,9.92173469261564,6.73252134609598,6.11173795313297,6.75006954291076,6.13588465825291,280.281703269638,270.359968577023,2009.14401873204,2019.06575342466,179900000,2
260,56,4.92173469261564,6.73252134609598,6.11173795313297,6.75218191438918,6.22653599086716,275.281703269638,270.359968577023,2009.14401873204,2014.06575342466,179900000,2
261,60,0.89632346066954,6.74729112457795,6.13033869952089,6.74611006571542,6.13367127028058,279.31184025594,278.41551679527,2017.19956695029,2018.09589041096,179900000,2
261,59,0.868926200395511,6.74729112457795,6.13033869952089,6.74590177045958,6.12881509139716,279.284442995666,278.41551679527,2017.19956695029,2018.06849315068,179900000,2
262,62,31.7814311018401,6.67763263669295,6.40430838570231,6.65503903139019,6.38595462351017,279.284442995666,247.503011893826,1986.28706204884,2018.06849315068,179900000,2
262,61,31.7622530196484,6.67763263669295,6.40430838570231,7.098654,6.678859,279.265264913474,247.503011893826,1986.28706204884,2018.04931506849,179900000,2
263,264,0.690144683154806,6.70964502230466,6.32962206754681,7.07488276807129,6.28209863778408,229.579394867216,228.889250184061,1967.67330033908,1968.36344502223,179900000,2
263,396,15.4781462113348,6.70964502230466,6.32962206754681,6.71419798477037,6.33198687693821,244.367396395396,228.889250184061,1967.67330033908,1983.15144655041,179900000,2
264,265,2.05208337878942,7.07488276807129,6.28209863778408,7.0760072231381,6.27871624881358,231.631478246005,229.579394867216,1968.36344502223,1970.41552840102,179900000,2
264,395,19.9370985670609,7.07488276807129,6.28209863778408,7.07867127231435,6.27894724328334,249.516493434277,229.579394867216,1968.36344502223,1988.3005435893,179900000,2
265,268,3.33710700897385,7.0760072231381,6.27871624881358,7.07128764071739,6.25857410380069,234.968585254979,231.631478246005,1970.41552840102,1973.75263541,179900000,2
265,266,24.6504751361054,7.0760072231381,6.27871624881358,7.10350302194398,6.73445080261378,256.281953382111,231.631478246005,1970.41552840102,1995.06600353713,179900000,2
266,267,7.82253936815803,7.10350302194398,6.73445080261378,7.10626095132752,6.73551549557239,264.104492750269,256.281953382111,1995.06600353713,2002.88854290529,179900000,2
266,65,21.0706084847282,7.10350302194398,6.73445080261378,7.11746227374415,6.74171874788087,277.352561866839,256.281953382111,1995.06600353713,2016.13661202186,179900000,2
267,63,15.1552927111507,7.10626095132752,6.73551549557239,7.80207,6.74365,279.259785461419,264.104492750269,2002.88854290529,2018.04383561644,179900000,2
267,64,15.2566625741643,7.10626095132752,6.73551549557239,7.10932375951375,6.74470248568506,279.361155324433,264.104492750269,2002.88854290529,2018.14520547945,179900000,2
268,269,0.360790996643033,7.07128764071739,6.25857410380069,7.07249394160051,6.26036057671248,235.329376251622,234.968585254979,1973.75263541,1974.11342640664,179900000,2
268,66,45.3706522612348,7.07128764071739,6.25857410380069,7.06971722105729,6.26520587825713,280.339237516214,234.968585254979,1973.75263541,2019.12328767123,179900000,2
269,350,6.63317505557868,7.07249394160051,6.26036057671248,7.0670913557906,6.26171853468471,241.962551307201,235.329376251622,1974.11342640664,1980.74660146222,179900000,2
269,270,1.82394364819947,7.07249394160051,6.26036057671248,6.75284086210394,6.13083495473406,237.153319899822,235.329376251622,1974.11342640664,1975.93737005484,179900000,2
270,311,2.7626275451348,6.75284086210394,6.13083495473406,6.7430113628016,6.14069769149713,239.915947444956,237.153319899822,1975.93737005484,1978.69999759998,179900000,2
270,271,0.591574709740051,6.75284086210394,6.13083495473406,6.7541549002261,6.13129243575637,237.744894609562,237.153319899822,1975.93737005484,1976.52894476458,179900000,2
271,272,1.24804952088302,6.7541549002261,6.13129243575637,6.74606613332696,6.12996922272953,238.992944130445,237.744894609562,1976.52894476458,1977.77699428546,179900000,2
271,309,3.4629559395968,6.7541549002261,6.13129243575637,6.75360454002269,6.12711270712055,241.207850549158,237.744894609562,1976.52894476458,1979.99190070418,179900000,2
272,274,1.29486632319561,6.74606613332696,6.12996922272953,6.74770055603515,6.12667651067298,240.28781045364,238.992944130445,1977.77699428546,1979.07186060866,179900000,2
272,273,29.3436921660573,6.74606613332696,6.12996922272953,6.75749335193168,6.12678603032179,268.336636296502,238.992944130445,1977.77699428546,2007.12068645152,179900000,2
273,68,11.9067108087531,6.75749335193168,6.12678603032179,6.75180140177708,6.13345306823222,280.243347105255,268.336636296502,2007.12068645152,2019.02739726027,179900000,2
273,67,12.0080806717666,6.75749335193168,6.12678603032179,6.74011457699588,6.2246139188028,280.344716968269,268.336636296502,2007.12068645152,2019.12876712329,179900000,2
274,275,1.4775484306944,6.74770055603515,6.12667651067298,6.92905840847252,5.78487630008546,241.765358884335,240.28781045364,1979.07186060866,1980.54940903935,179900000,2
274,284,1.2109556993807,6.74770055603515,6.12667651067298,7.07804846162757,6.26971294642414,241.498766153021,240.28781045364,1979.07186060866,1980.28281630804,179900000,2
275,279,18.316275663886,6.92905840847252,5.78487630008546,6.90856908173864,5.76661541146097,260.081634548221,241.765358884335,1980.54940903935,1998.86568470324,179900000,2
275,276,13.264896846731,6.92905840847252,5.78487630008546,6.92899007962612,5.78632930901103,255.030255731066,241.765358884335,1980.54940903935,1993.81430588608,179900000,2
276,278,21.1719006335496,6.92899007962612,5.78632930901103,6.93097768438622,5.77344283986341,276.202156364615,255.030255731066,1993.81430588608,2014.98620651963,179900000,2
276,277,3.70205279265207,6.92899007962612,5.78632930901103,7.17837173031827,5.58350732892273,258.732308523718,255.030255731066,1993.81430588608,1997.51635867874,179900000,2
277,70,21.4809015952358,7.17837173031827,5.58350732892273,7.19357818999288,5.58712158990742,280.213210118954,258.732308523718,1997.51635867874,2018.99726027397,179900000,2
277,69,20.5110385815372,7.17837173031827,5.58350732892273,7.182869,5.581471,279.243347105255,258.732308523718,1997.51635867874,2018.02739726027,179900000,2
278,71,1.21324703227815,6.93097768438622,5.77344283986341,7.08396089528519,4.797440407491,277.415403396893,276.202156364615,2014.98620651963,2016.19945355191,179900000,2
278,72,4.05762909680407,6.93097768438622,5.77344283986341,6.9264380108294,5.77209298716118,280.259785461419,276.202156364615,2014.98620651963,2019.04383561644,179900000,2
279,73,19.2302057077192,6.90856908173864,5.76661541146097,6.92492550731988,5.77713799336528,279.31184025594,260.081634548221,1998.86568470324,2018.09589041096,179900000,2
279,280,6.88419099035726,6.90856908173864,5.76661541146097,6.78621199064118,5.58707778674681,266.965825538578,260.081634548221,1998.86568470324,2005.7498756936,179900000,2
280,74,12.4117681420194,6.78621199064118,5.58707778674681,6.33267217398441,5.6222707526656,279.377593680597,266.965825538578,2005.7498756936,2018.16164383562,179900000,2
280,281,0.0674267232163128,6.78621199064118,5.58707778674681,6.78638016157855,5.58733027211458,267.033252261794,266.965825538578,2005.7498756936,2005.81730241681,179900000,2
281,78,8.76351950099491,6.78638016157855,5.58733027211458,6.78389998893809,5.58791620026644,275.796771762789,267.033252261794,2005.81730241681,2014.58082191781,179900000,2
281,282,0.944719578973304,6.78638016157855,5.58733027211458,6.78242931172833,5.58919303375839,267.977971840768,267.033252261794,2005.81730241681,2006.76202199579,179900000,2
282,75,12.2407177302408,6.78242931172833,5.58919303375839,6.78303195371516,5.58602684346722,280.218689571008,267.977971840768,2006.76202199579,2019.00273972603,179900000,2
282,283,2.62212345061562,6.78242931172833,5.58919303375839,6.78014485319103,5.58666116613841,270.600095291383,267.977971840768,2006.76202199579,2009.3841454464,179900000,2
283,77,4.96379975907719,6.78014485319103,5.58666116613841,6.7803237241824,5.58513853349,275.56389505046,270.600095291383,2009.3841454464,2014.34794520548,179900000,2
283,76,4.98845729332387,6.78014485319103,5.58666116613841,6.78692055981864,5.58875713837092,275.588552584707,270.600095291383,2009.3841454464,2014.37260273973,179900000,2
284,285,14.1946967546695,7.07804846162757,6.26971294642414,7.06835418618709,6.26220130272711,255.693462907691,241.498766153021,1980.28281630804,1994.47751306271,179900000,2
284,289,0.999044385732077,7.07804846162757,6.26971294642414,7.0760977293023,6.26445831423626,242.497810538753,241.498766153021,1980.28281630804,1981.28186069377,179900000,2
285,286,3.70495609781609,7.06835418618709,6.26220130272711,7.06795505048149,6.26135757733838,259.398419005507,255.693462907691,1994.47751306271,1998.18246916053,179900000,2
285,79,20.5416650194822,7.06835418618709,6.26220130272711,10.0727,8.9341,276.235127927173,255.693462907691,1994.47751306271,2015.01917808219,179900000,2
286,287,8.50534698479479,7.06795505048149,6.26135757733838,7.07036804014293,6.26532750879794,267.903765990301,259.398419005507,1998.18246916053,2006.68781614532,179900000,2
286,80,15.0257500175565,7.06795505048149,6.26135757733838,4.869632,7.019002,274.424169023063,259.398419005507,1998.18246916053,2013.20821917808,179900000,2
287,83,12.3642386492,7.07036804014293,6.26532750879794,7.08539377797938,6.2799859648639,280.268004639501,267.903765990301,2006.68781614532,2019.05205479452,179900000,2
287,288,5.4484276623163,7.07036804014293,6.26532750879794,7.06643483544218,6.26374060000789,273.352193652618,267.903765990301,2006.68781614532,2012.13624380764,179900000,2
288,82,6.96786578140442,7.06643483544218,6.26374060000789,7.06876449270607,6.26662977106394,280.320059434022,273.352193652618,2012.13624380764,2019.10410958904,179900000,2
288,81,5.90485208277429,7.06643483544218,6.26374060000789,7.19624529883293,5.58361098651219,279.257045735392,273.352193652618,2012.13624380764,2018.04109589041,179900000,2
289,300,1.27333305995742,7.0760977293023,6.26445831423626,7.07629815659033,6.27046344483226,243.77114359871,242.497810538753,1981.28186069377,1982.55519375373,179900000,2
289,290,0.868895217239846,7.0760977293023,6.26445831423626,7.07734097944326,6.26644975264603,243.366705755993,242.497810538753,1981.28186069377,1982.15075591101,179900000,2
290,293,0.133210543481489,7.07734097944326,6.26644975264603,7.07760251838278,6.26663890694874,243.499916299474,243.366705755993,1982.15075591101,1982.28396645449,179900000,2
290,291,2.93504016494777,7.07734097944326,6.26644975264603,7.07413708655065,6.26815659244361,246.301745920941,243.366705755993,1982.15075591101,1985.08579607596,179900000,2
291,292,6.45490963543545,7.07413708655065,6.26815659244361,7.0949300903622,6.27022477116126,252.756655556376,246.301745920941,1985.08579607596,1991.5407057114,179900000,2
291,84,30.9224006453517,7.07413708655065,6.26815659244361,6.75195345841622,6.22274213441907,277.224146566292,246.301745920941,1985.08579607596,2016.00819672131,179900000,2
292,86,26.6099792201118,7.0949300903622,6.27022477116126,7.06593041688775,6.26815531662848,279.366634776488,252.756655556376,1991.5407057114,2018.15068493151,179900000,2
292,85,26.5962805899747,7.0949300903622,6.27022477116126,7.218593,6.334514,279.352936146351,252.756655556376,1991.5407057114,2018.13698630137,179900000,2
293,94,36.8886362852326,7.07760251838278,6.26663890694874,7.07089382966527,6.26572429349992,280.388552584707,243.499916299474,1982.28396645449,2019.17260273973,179900000,2
293,294,12.6250860709528,7.07760251838278,6.26663890694874,7.08107141347037,6.27531710368848,256.125002370427,243.499916299474,1982.28396645449,1994.90905252545,179900000,2
294,295,1.90687661187166,7.08107141347037,6.27531710368848,7.08181622341992,6.27522842647019,258.031878982299,256.125002370427,1994.90905252545,1996.81592913732,179900000,2
294,93,24.1101255567455,7.08107141347037,6.27531710368848,7.08688247757062,6.28531526080595,280.235127927173,256.125002370427,1994.90905252545,2019.01917808219,179900000,2
295,297,2.91462967008921,7.08181622341992,6.27522842647019,7.08400875948825,6.27886481299114,260.946508652388,258.031878982299,1996.81592913732,1999.73055880741,179900000,2
295,296,20.5732422831014,7.08181622341992,6.27522842647019,7.07544084917413,6.27834480112063,278.6051212654,258.031878982299,1996.81592913732,2017.38917142042,179900000,2
296,88,1.67384227821083,7.07544084917413,6.27834480112063,7.07998141379193,6.28727339942399,280.278963543611,278.6051212654,2017.38917142042,2019.06301369863,179900000,2
296,87,1.6984998124575,7.07544084917413,6.27834480112063,7.07013495078198,6.26548041274637,280.303621077858,278.6051212654,2017.38917142042,2019.08767123288,179900000,2
297,298,9.13047471860927,7.08400875948825,6.27886481299114,7.08322985771039,6.27710372850177,270.076983370997,260.946508652388,1999.73055880741,2008.86103352602,179900000,2
297,92,19.310537083004,7.08400875948825,6.27886481299114,7.07988313530687,6.28316627827184,280.257045735392,260.946508652388,1999.73055880741,2019.04109589041,179900000,2
298,299,9.82089512212445,7.08322985771039,6.27710372850177,7.08903461716403,6.27916178014984,279.897878493122,270.076983370997,2008.86103352602,2018.68192864814,179900000,2
298,91,10.1471856520659,7.08322985771039,6.27710372850177,7.08829088753609,6.2794159133471,280.224169023063,270.076983370997,2008.86103352602,2019.00821917808,179900000,2
299,89,0.356427516242655,7.08903461716403,6.27916178014984,7.08806381917389,6.27994381973178,280.254306009364,279.897878493122,2018.68192864814,2019.03835616438,179900000,2
299,90,0.485194639530499,7.08903461716403,6.27916178014984,7.07954327259967,6.28280686218264,280.383073132652,279.897878493122,2018.68192864814,2019.16712328767,179900000,2
300,307,2.17534186935745,7.07629815659033,6.27046344483226,7.05901895924466,6.26322650320283,245.946485468068,243.77114359871,1982.55519375373,1984.73053562309,179900000,2
300,301,0.00505733115673479,7.07629815659033,6.27046344483226,7.07659535683678,6.26752772376848,243.776200929867,243.77114359871,1982.55519375373,1982.56025108489,179900000,2
301,302,15.2399042117203,7.07659535683678,6.26752772376848,7.07431335132979,6.26808696879295,259.016105141588,243.776200929867,1982.56025108489,1997.80015529661,179900000,2
301,303,0.00248360871776043,7.07659535683678,6.26752772376848,7.07701733028459,6.26816968070893,243.778684538585,243.776200929867,1982.56025108489,1982.5627346936,179900000,2
302,95,21.3587488129824,7.07431335132979,6.26808696879295,7.08484647798279,6.28211822548248,280.37485395457,259.016105141588,1997.80015529661,2019.15890410959,179900000,2
302,96,21.2464200458592,7.07431335132979,6.26808696879295,7.06718539247977,6.27011830753258,280.262525187447,259.016105141588,1997.80015529661,2019.04657534247,179900000,2
303,306,32.0576872504533,7.07701733028459,6.26816968070893,7.0677479593449,6.2698010062197,275.836371789038,243.778684538585,1982.5627346936,2014.62042194406,179900000,2
303,304,9.29334982492524,7.07701733028459,6.26816968070893,7.07708910411733,6.27694317726731,253.07203436351,243.778684538585,1982.5627346936,1991.85608451853,179900000,2
304,99,25.1439154814707,7.07708910411733,6.27694317726731,7.088383,6.290372,278.215949844981,253.07203436351,1991.85608451853,2017,179900000,2
304,305,9.98631566519014,7.07708910411733,6.27694317726731,7.07167394364694,6.27409741671094,263.0583500287,253.07203436351,1991.85608451853,2001.84240018372,179900000,2
305,97,17.2123943368287,7.07167394364694,6.27409741671094,7.06890551159447,6.27048889928777,280.270744365529,263.0583500287,2001.84240018372,2019.05479452055,179900000,2
305,98,17.2562299532668,7.07167394364694,6.27409741671094,7.06387658604885,6.26602121208346,280.314579981967,263.0583500287,2001.84240018372,2019.09863013699,179900000,2
306,101,3.40149586416176,7.0677479593449,6.2698010062197,7.06218086012878,6.26524765520627,279.2378676532,275.836371789038,2014.62042194406,2018.02191780822,179900000,2
306,100,3.50286572717558,7.0677479593449,6.2698010062197,7.113571,6.327094,279.339237516214,275.836371789038,2014.62042194406,2018.12328767123,179900000,2
307,102,33.3845328700636,7.05901895924466,6.26322650320283,7.06353229333941,6.26232191687234,279.331018338132,245.946485468068,1984.73053562309,2018.11506849315,179900000,2
307,308,30.8119271585367,7.05901895924466,6.26322650320283,7.0958769944727,6.2889775838123,276.758412626605,245.946485468068,1984.73053562309,2015.54246278162,179900000,2
308,104,3.6109618759106,7.0958769944727,6.2889775838123,7.08248397617768,6.27873984933407,280.369374502515,276.758412626605,2015.54246278162,2019.15342465753,179900000,2
308,103,2.5232906430338,7.0958769944727,6.2889775838123,7.086040831129,6.28770452999666,279.281703269638,276.758412626605,2015.54246278162,2018.06575342466,179900000,2
309,310,7.21921521022275,6.75360454002269,6.12711270712055,6.74966651362835,6.12564188510868,248.427065759381,241.207850549158,1979.99190070418,1987.2111159144,179900000,2
309,107,38.1231677889731,6.75360454002269,6.12711270712055,6.479748,5.898933,279.331018338132,241.207850549158,1979.99190070418,2018.11506849315,179900000,2
310,105,6.78888408559975,6.74966651362835,6.12564188510868,6.75048568236583,6.13231259831759,255.215949844981,248.427065759381,1987.2111159144,1994,179900000,2
310,106,30.0409388801203,6.74966651362835,6.12564188510868,6.75049177250402,6.22266275198925,278.468004639501,248.427065759381,1987.2111159144,2017.25205479452,179900000,2
311,329,5.49362503345331,6.7430113628016,6.14069769149713,6.74097403200385,6.23806149900674,245.40957247841,239.915947444956,1978.69999759998,1984.19362263343,179900000,2
311,312,0.734413012318825,6.7430113628016,6.14069769149713,6.74838208713392,6.14756182237451,240.650360457275,239.915947444956,1978.69999759998,1979.43441061229,179900000,2
312,313,13.6527254758463,6.74838208713392,6.14756182237451,6.67810952692405,6.04690437233199,254.303085933122,240.650360457275,1979.43441061229,1993.08713608814,179900000,2
312,315,0.756919223382219,6.74838208713392,6.14756182237451,6.75264188108395,6.15022409849357,241.407279680657,240.650360457275,1979.43441061229,1980.19132983568,179900000,2
313,108,25.9649187063799,6.67810952692405,6.04690437233199,6.754196,6.054167,280.268004639501,254.303085933122,1993.08713608814,2019.05205479452,179900000,2
313,314,2.89106352228865,6.67810952692405,6.04690437233199,6.61083277085178,5.99082019938237,257.19414945541,254.303085933122,1993.08713608814,1995.97819961043,179900000,2
314,110,22.0601565539543,6.61083277085178,5.99082019938237,7.19622815348764,5.58834735374877,279.254306009364,257.19414945541,1995.97819961043,2018.03835616438,179900000,2
314,109,22.1149510745023,6.61083277085178,5.99082019938237,6.61390805769072,5.98550462174208,279.309100529912,257.19414945541,1995.97819961043,2018.09315068493,179900000,2
315,326,0.747961180676981,6.75264188108395,6.15022409849357,6.75338375054633,6.13662690613535,242.155240861334,241.407279680657,1980.19132983568,1980.93929101635,179900000,2
315,316,1.64579900260066,6.75264188108395,6.15022409849357,6.74176100248446,6.15066435471095,243.053078683258,241.407279680657,1980.19132983568,1981.83712883828,179900000,2
316,121,36.3162958192571,6.74176100248446,6.15066435471095,6.713854,6.154398,279.369374502515,243.053078683258,1981.83712883828,2018.15342465753,179900000,2
316,317,0.567645625859257,6.74176100248446,6.15066435471095,6.74128570921327,6.14764848405512,243.620724309117,243.053078683258,1981.83712883828,1982.40477446414,179900000,2
317,324,0.750193182031111,6.74128570921327,6.14764848405512,6.74012905455842,6.14684280987586,244.370917491148,243.620724309117,1982.40477446414,1983.15496764617,179900000,2
317,318,1.03116673376051,6.74128570921327,6.14764848405512,6.74891377862802,6.14850537568686,244.651891042878,243.620724309117,1982.40477446414,1983.4359411979,179900000,2
318,319,0.0351691202548849,6.74891377862802,6.14850537568686,6.74893170592101,6.14851791055315,244.687060163133,244.651891042878,1983.4359411979,1983.47111031815,179900000,2
318,323,30.5917498176632,6.74891377862802,6.14850537568686,6.75560795931839,6.13293361133825,275.243640860541,244.651891042878,1983.4359411979,2014.02769101556,179900000,2
319,321,11.4097186246302,6.74893170592101,6.14851791055315,6.77361316648296,6.08361613895817,256.096778787763,244.687060163133,1983.47111031815,1994.88082894278,179900000,2
319,320,15.8999900634591,6.74893170592101,6.14851791055315,7.07061977142006,6.27178609815853,260.587050226592,244.687060163133,1983.47111031815,1999.37110038161,179900000,2
320,111,19.711091399211,7.07061977142006,6.27178609815853,6.678119,3.51526,280.298141625803,260.587050226592,1999.37110038161,2019.08219178082,179900000,2
320,112,19.7220503033207,7.07061977142006,6.27178609815853,7.06222387195782,6.26491501193304,280.309100529912,260.587050226592,1999.37110038161,2019.09315068493,179900000,2
321,115,23.2698559887249,6.77361316648296,6.08361613895817,6.61761635694995,5.98293130225055,279.366634776488,256.096778787763,1994.88082894278,2018.15068493151,179900000,2
321,322,12.4972072111506,6.77361316648296,6.08361613895817,6.7727649549746,6.07221251158913,268.593985998914,256.096778787763,1994.88082894278,2007.37803615393,179900000,2
322,113,4.41922412003998,6.7727649549746,6.07221251158913,6.77411831785644,6.07411089759364,273.013210118954,268.593985998914,2007.37803615393,2011.79726027397,179900000,2
322,114,3.84114192825916,6.7727649549746,6.07221251158913,6.77545218615398,6.07307325250009,272.435127927173,268.593985998914,2007.37803615393,2011.21917808219,179900000,2
323,117,4.11203501183711,6.75560795931839,6.13293361133825,6.74550227518619,6.13713301079268,279.355675872378,275.243640860541,2014.02769101556,2018.1397260274,179900000,2
323,116,4.98874734060421,6.75560795931839,6.13293361133825,6.75115495192287,6.13766734270151,280.232388201145,275.243640860541,2014.02769101556,2019.01643835616,179900000,2
324,325,8.34858321325088,6.74012905455842,6.14684280987586,6.98573147525311,5.89416545709895,252.719500704399,244.370917491148,1983.15496764617,1991.50355085942,179900000,2
324,118,24.9297318073843,6.74012905455842,6.14684280987586,6.73771544965276,6.22653965036254,269.300649298533,244.370917491148,1983.15496764617,2008.08469945355,179900000,2
325,120,26.5430244830474,6.98573147525311,5.89416545709895,6.997077,5.904454,279.262525187447,252.719500704399,1991.50355085942,2018.04657534247,179900000,2
325,119,27.512887496746,6.98573147525311,5.89416545709895,7.456942,5.800781,280.232388201145,252.719500704399,1991.50355085942,2019.01643835616,179900000,2
326,327,3.45074353814996,6.75338375054633,6.13662690613535,6.74596990261892,6.13576049771666,245.605984399484,242.155240861334,1980.93929101635,1984.3900345545,179900000,2
326,122,8.06070898364653,6.75338375054633,6.13662690613535,6.75170945393258,6.13590208873624,250.215949844981,242.155240861334,1980.93929101635,1989,179900000,2
327,328,4.3259338369303,6.74596990261892,6.13576049771666,6.93685930066711,5.98661826489773,249.931918236415,245.605984399484,1984.3900345545,1988.71596839143,179900000,2
327,123,33.7277736646748,6.74596990261892,6.13576049771666,6.74545085629231,6.1286290781182,279.333758064159,245.605984399484,1984.3900345545,2018.11780821918,179900000,2
328,125,30.3497850332238,6.93685930066711,5.98661826489773,6.941039,5.98506,280.281703269638,249.931918236415,1988.71596839143,2019.06575342466,179900000,2
328,124,29.4319768140456,6.93685930066711,5.98661826489773,6.94089,5.984769,279.36389505046,249.931918236415,1988.71596839143,2018.14794520548,179900000,2
329,330,10.4710567704663,6.74097403200385,6.23806149900674,6.74836207153537,6.21760678645977,255.880629248876,245.40957247841,1984.19362263343,1994.66467940389,179900000,2
329,126,33.8693910652014,6.74097403200385,6.23806149900674,6.71132872527976,6.32492926069787,279.278963543611,245.40957247841,1984.19362263343,2018.06301369863,179900000,2
330,331,0.571381294151365,6.74836207153537,6.21760678645977,6.88542399732036,5.77301027143138,256.452010543027,255.880629248876,1994.66467940389,1995.23606069805,179900000,2
330,127,13.4200200496567,6.74836207153537,6.21760678645977,6.74316221800198,6.22440233874501,269.300649298533,255.880629248876,1994.66467940389,2008.08469945355,179900000,2
331,338,1.73756016039177,6.88542399732036,5.77301027143138,6.88780631680558,5.77197131984069,258.189570703419,256.452010543027,1995.23606069805,1996.97362085844,179900000,2
331,332,5.67295152837423,6.88542399732036,5.77301027143138,6.91261029084904,5.77518206414089,262.124962071402,256.452010543027,1995.23606069805,2000.90901222642,179900000,2
332,134,15.189348429317,6.91261029084904,5.77518206414089,6.92497202561061,5.7766372523264,277.314310500719,262.124962071402,2000.90901222642,2016.09836065574,179900000,2
332,333,8.01188429068165,6.91261029084904,5.77518206414089,7.19854870432356,5.58683463365647,270.136846362083,262.124962071402,2000.90901222642,2008.9208965171,179900000,2
333,334,6.28204103335224,7.19854870432356,5.58683463365647,7.20277067463018,5.58974277973557,276.418887395436,270.136846362083,2008.9208965171,2015.20293755045,179900000,2
333,337,6.88527043321358,7.19854870432356,5.58683463365647,7.20172854221393,5.58756550516228,277.022116795297,270.136846362083,2008.9208965171,2015.80616695032,179900000,2
334,336,1.46996207423358,7.20277067463018,5.58974277973557,7.19214821781008,5.59194865093811,277.888849469669,276.418887395436,2015.20293755045,2016.67289962469,179900000,2
334,335,1.78994550859683,7.20277067463018,5.58974277973557,7.20002760764742,5.58497632433518,278.208832904032,276.418887395436,2015.20293755045,2016.99288305905,179900000,2
335,129,1.05095255738701,7.20002760764742,5.58497632433518,7.20051579712291,5.58703102730462,279.259785461419,278.208832904032,2016.99288305905,2018.04383561644,179900000,2
335,128,2.07834981766104,7.20002760764742,5.58497632433518,7.19939678628159,5.59047438111667,280.287182721693,278.208832904032,2016.99288305905,2019.07123287671,179900000,2
336,131,1.44490859449005,7.19214821781008,5.59194865093811,7.19271957856222,5.59107794942598,279.333758064159,277.888849469669,2016.67289962469,2018.11780821918,179900000,2
336,130,2.41477160818866,7.19214821781008,5.59194865093811,7.19673649258744,5.5816472263047,280.303621077858,277.888849469669,2016.67289962469,2019.08767123288,179900000,2
337,133,3.23218921406756,7.20172854221393,5.58756550516228,7.19338794736482,5.59150851038998,280.254306009364,277.022116795297,2015.80616695032,2019.03835616438,179900000,2
337,132,3.2376686661225,7.20172854221393,5.58756550516228,7.229293,5.580561,280.259785461419,277.022116795297,2015.80616695032,2019.04383561644,179900000,2
338,340,1.14648295575692,6.88780631680558,5.77197131984069,6.88848971327917,5.76894947376108,259.336053659176,258.189570703419,1996.97362085844,1998.1201038142,179900000,2
338,339,3.15849033832892,6.88780631680558,5.77197131984069,6.85016829135614,5.60568783607378,261.348061041748,258.189570703419,1996.97362085844,2000.13211119677,179900000,2
339,136,18.9144641456986,6.85016829135614,5.60568783607378,7.19769852470963,5.58334093515432,280.262525187447,261.348061041748,2000.13211119677,2019.04657534247,179900000,2
339,135,19.0267929128219,6.85016829135614,5.60568783607378,6.84736541428051,5.5990507933346,280.37485395457,261.348061041748,2000.13211119677,2019.15890410959,179900000,2
340,346,1.56292440708452,6.88848971327917,5.76894947376108,6.88732809992286,5.7722691948222,260.898978066261,259.336053659176,1998.1201038142,1999.68302822128,179900000,2
340,341,0.73444582058821,6.88848971327917,5.76894947376108,6.88345102892422,5.78227499249223,260.070499479764,259.336053659176,1998.1201038142,1998.85454963478,179900000,2
341,342,0.114016139592817,6.88345102892422,5.78227499249223,6.88659717194374,5.78459447605125,260.184515619357,260.070499479764,1998.85454963478,1998.96856577438,179900000,2
341,345,14.6274364376231,6.88345102892422,5.78227499249223,6.88870856184759,5.77571174276888,274.697935917387,260.070499479764,1998.85454963478,2013.48198607241,179900000,2
342,137,19.1465027187745,6.88659717194374,5.78459447605125,6.32998173802091,5.62703979386472,279.331018338132,260.184515619357,1998.96856577438,2018.11506849315,179900000,2
342,343,1.94550326492601,6.88659717194374,5.78459447605125,6.89402409574519,5.78766971931318,262.130018884283,260.184515619357,1998.96856577438,2000.9140690393,179900000,2
343,344,15.8859357054707,6.89402409574519,5.78766971931318,6.85339030016691,5.77267616855841,278.015954589754,262.130018884283,2000.9140690393,2016.80000474477,179900000,2
343,138,12.1653830154923,6.89402409574519,5.78766971931318,6.92678040808467,5.77655570099126,274.295401899775,262.130018884283,2000.9140690393,2013.07945205479,179900000,2
344,140,1.31506374837777,6.85339030016691,5.77267616855841,6.85133909000782,5.7736774522251,279.331018338132,278.015954589754,2016.80000474477,2018.11506849315,179900000,2
344,139,2.2191733374189,6.85339030016691,5.77267616855841,6.85475504844653,5.77379885321397,280.235127927173,278.015954589754,2016.80000474477,2019.01917808219,179900000,2
345,142,5.68513721526491,6.88870856184759,5.77571174276888,7.19979181758996,5.5899735621281,280.383073132652,274.697935917387,2013.48198607241,2019.16712328767,179900000,2
345,141,5.55363036594971,6.88870856184759,5.77571174276888,6.85530747669453,5.77937751443301,280.251566283337,274.697935917387,2013.48198607241,2019.03561643836,179900000,2
346,347,0.820323771725437,6.88732809992286,5.7722691948222,6.88628819416254,5.77325366424636,261.719301837986,260.898978066261,1999.68302822128,2000.50335199301,179900000,2
346,143,17.3580676691314,6.88732809992286,5.7722691948222,6.78414225717402,5.58761808386177,278.257045735392,260.898978066261,1999.68302822128,2017.04109589041,179900000,2
347,348,7.04166197105026,6.88628819416254,5.77325366424636,7.59177422143353,5.70521997651695,268.760963809036,261.719301837986,2000.50335199301,2007.54501396406,179900000,2
347,144,12.537743897406,6.88628819416254,5.77325366424636,6.87224,5.75412,274.257045735392,261.719301837986,2000.50335199301,2013.04109589041,179900000,2
348,349,7.5293792817168,7.59177422143353,5.70521997651695,7.24653516294872,5.20326981018471,276.290343090753,268.760963809036,2007.54501396406,2015.07439324577,179900000,2
348,145,8.6025270195513,7.59177422143353,5.70521997651695,7.579115,5.696218,277.363490828588,268.760963809036,2007.54501396406,2016.14754098361,179900000,2
349,147,3.07081223367986,7.24653516294872,5.20326981018471,7.24765094602641,5.19719180714506,279.361155324433,276.290343090753,2015.07439324577,2018.14520547945,179900000,2
349,146,2.99409990491272,7.24653516294872,5.20326981018471,7.25043424644586,5.1963183575662,279.284442995666,276.290343090753,2015.07439324577,2018.06849315068,179900000,2
350,148,38.2725766199719,7.0670913557906,6.26171853468471,7.06274054901304,6.27021844691967,280.235127927173,241.962551307201,1980.74660146222,2019.01917808219,179900000,2
350,351,9.52373783140094,7.0670913557906,6.26171853468471,6.92063692115536,5.78114404346477,251.486289138602,241.962551307201,1980.74660146222,1990.27033929362,179900000,2
351,393,3.24228077170609,6.92063692115536,5.78114404346477,6.91735488689076,5.78928811378469,254.728569910308,251.486289138602,1990.27033929362,1993.51262006533,179900000,2
351,352,2.97754797611817,6.92063692115536,5.78114404346477,6.92138422267664,5.77833659070722,254.46383711472,251.486289138602,1990.27033929362,1993.24788726974,179900000,2
352,356,2.78495959482942,6.92138422267664,5.77833659070722,7.19346533842057,5.58732994808459,257.248796709549,254.46383711472,1993.24788726974,1996.03284686457,179900000,2
352,353,4.92493825908114,6.92138422267664,5.77833659070722,6.93036520641264,5.7761924648034,259.388775373801,254.46383711472,1993.24788726974,1998.17282552882,179900000,2
353,354,7.76902535781086,6.93036520641264,5.7761924648034,6.92059825705827,5.78618284104606,267.157800731612,259.388775373801,1998.17282552882,2005.94185088663,179900000,2
353,355,19.3185607638425,6.93036520641264,5.7761924648034,6.93388259333555,5.77477424799161,278.707336137644,259.388775373801,1998.17282552882,2017.49138629266,179900000,2
354,149,9.20061486679368,6.92059825705827,5.78618284104606,6.92264528929399,5.77726236311756,276.358415598406,267.157800731612,2005.94185088663,2015.14246575342,179900000,2
354,150,8.6636285654239,6.92059825705827,5.78618284104606,6.92559202284026,5.76956818153274,275.821429297036,267.157800731612,2005.94185088663,2014.60547945205,179900000,2
355,152,1.56614795391279,6.93388259333555,5.77477424799161,6.92784045779176,5.77352703744276,280.273484091556,278.707336137644,2017.49138629266,2019.05753424658,179900000,2
355,151,0.620942474460617,6.93388259333555,5.77477424799161,6.92712408622406,5.77249769966899,279.328278612104,278.707336137644,2017.49138629266,2018.11232876712,179900000,2
356,376,4.65778819897104,7.19346533842057,5.58732994808459,7.19145454057929,5.5844407227208,261.90658490852,257.248796709549,1996.03284686457,2000.69063506354,179900000,2
356,357,3.71137514182591,7.19346533842057,5.58732994808459,7.19384234427775,5.58547369429378,260.960171851375,257.248796709549,1996.03284686457,1999.74422200639,179900000,2
357,358,8.33107417415015,7.19384234427775,5.58547369429378,7.19594221340798,5.58077870235642,269.291246025525,260.960171851375,1999.74422200639,2008.07529618054,179900000,2
357,153,16.4197124198353,7.19384234427775,5.58547369429378,7.19391936167108,5.58830134836529,277.379884271211,260.960171851375,1999.74422200639,2016.16393442623,179900000,2
358,359,0.958787813350133,7.19594221340798,5.58077870235642,7.19651128328831,5.58387603722005,270.250033838876,269.291246025525,2008.07529618054,2009.03408399389,179900000,2
358,374,0.886166841101241,7.19594221340798,5.58077870235642,7.19570513827648,5.58345787009446,270.177412866627,269.291246025525,2008.07529618054,2008.96146302165,179900000,2
359,360,0.0752698582517528,7.19651128328831,5.58387603722005,7.19515647711514,5.58494994600447,270.325303697127,270.250033838876,2009.03408399389,2009.10935385215,179900000,2
359,169,10.080984499256,7.19651128328831,5.58387603722005,7.20189440968378,5.58931885977508,280.331018338132,270.250033838876,2009.03408399389,2019.11506849315,179900000,2
360,361,0.510235132986702,7.19515647711514,5.58494994600447,7.19510119878175,5.58602592938216,270.835538830114,270.325303697127,2009.10935385215,2009.61958898513,179900000,2
360,168,8.90708450401805,7.19515647711514,5.58494994600447,7.20176573122879,5.58616067043712,279.232388201145,270.325303697127,2009.10935385215,2018.01643835616,179900000,2
361,364,2.45593218162362,7.19510119878175,5.58602592938216,7.1992487783453,5.58641168433542,273.291471011738,270.835538830114,2009.61958898513,2012.07552116676,179900000,2
361,362,3.95200651705795,7.19510119878175,5.58602592938216,7.19434146637317,5.58498297505183,274.787545347172,270.835538830114,2009.61958898513,2013.57159550219,179900000,2
362,156,4.53525381287756,7.19434146637317,5.58498297505183,7.19351796325213,5.58198912684151,279.322799160049,274.787545347172,2013.57159550219,2018.10684931507,179900000,2
362,363,1.35982386699135,7.19434146637317,5.58498297505183,7.19552357925586,5.58791926026599,276.147369214163,274.787545347172,2013.57159550219,2014.93141936918,179900000,2
363,154,3.09871761711906,7.19552357925586,5.58791926026599,7.2018793247284,5.58579319788574,279.246086831282,276.147369214163,2014.93141936918,2018.0301369863,179900000,2
363,155,4.11515597328343,7.19552357925586,5.58791926026599,7.1969814723772,5.58890945682964,280.262525187447,276.147369214163,2014.93141936918,2019.04657534247,179900000,2
364,367,0.0451484420495625,7.1992487783453,5.58641168433542,7.1986452134851,5.58602970127462,273.336619453787,273.291471011738,2012.07552116676,2012.12066960881,179900000,2
364,365,1.22007352420075,7.1992487783453,5.58641168433542,7.19656006671643,5.58603451570914,274.511544535938,273.291471011738,2012.07552116676,2013.29559469096,179900000,2
365,366,1.44247371529112,7.19656006671643,5.58603451570914,7.19750423152584,5.5871850495683,275.954018251229,274.511544535938,2013.29559469096,2014.73806840625,179900000,2
365,159,5.86330941863161,7.19656006671643,5.58603451570914,7.19375465479366,5.58632016461038,280.37485395457,274.511544535938,2013.29559469096,2019.15890410959,179900000,2
366,157,4.33864392251864,7.19750423152584,5.5871850495683,7.20134058080972,5.58267562150543,280.292662173748,275.954018251229,2014.73806840625,2019.07671232877,179900000,2
366,158,4.43727405950487,7.19750423152584,5.5871850495683,7.19600153768656,5.58424095365002,280.391292310734,275.954018251229,2014.73806840625,2019.17534246575,179900000,2
367,368,0.323112447628604,7.1986452134851,5.58602970127462,7.19747346304968,5.58332681777697,273.659731901416,273.336619453787,2012.12066960881,2012.44378205643,179900000,2
367,160,5.98070025420739,7.1986452134851,5.58602970127462,7.20173988390716,5.59005330602529,279.317319707995,273.336619453787,2012.12066960881,2018.10136986301,179900000,2
368,369,0.451718395502772,7.19747346304968,5.58332681777697,7.19739463093975,5.58395194532497,274.111450296919,273.659731901416,2012.44378205643,2012.89550045194,179900000,2
368,161,5.67950561479809,7.19747346304968,5.58332681777697,7.62692,5.21561,279.339237516214,273.659731901416,2012.44378205643,2018.12328767123,179900000,2
369,162,6.16477352066519,7.19739463093975,5.58395194532497,7.1949602540955,5.58222500875849,280.276223817584,274.111450296919,2012.89550045194,2019.0602739726,179900000,2
369,370,1.34742319939333,7.19739463093975,5.58395194532497,7.19865021968,5.58728524143478,275.458873496312,274.111450296919,2012.89550045194,2014.24292365133,179900000,2
370,167,3.880364019902,7.19865021968,5.58728524143478,7.19988828022543,5.58610572162991,279.339237516214,275.458873496312,2014.24292365133,2018.12328767123,179900000,2
370,371,0.538412718982047,7.19865021968,5.58728524143478,7.1986142788709,5.58806190596845,275.997286215294,275.458873496312,2014.24292365133,2014.78133637031,179900000,2
371,373,0.292088225295148,7.1986142788709,5.58806190596845,7.19734714649064,5.58864527104886,276.289374440589,275.997286215294,2014.78133637031,2015.07342459561,179900000,2
371,372,0.153698859077056,7.1986142788709,5.58806190596845,7.19870430740258,5.58828620439712,276.150985074371,275.997286215294,2014.78133637031,2014.93503522939,179900000,2
372,163,4.12797846924012,7.19870430740258,5.58828620439712,7.19969445116681,5.58349824005046,280.278963543611,276.150985074371,2014.93503522939,2019.06301369863,179900000,2
372,164,0.771814085678431,7.19870430740258,5.58828620439712,7.19387020528564,5.58798496155377,276.922799160049,276.150985074371,2014.93503522939,2015.70684931507,179900000,2
373,165,4.02246581535077,7.19734714649064,5.58864527104886,7.19657562797043,5.58747229340106,280.31184025594,276.289374440589,2015.07342459561,2019.09589041096,179900000,2
373,166,2.9704110208303,7.19734714649064,5.58864527104886,7.19578131257928,5.58914138793895,279.259785461419,276.289374440589,2015.07342459561,2018.04383561644,179900000,2
374,172,9.16182464958723,7.19570513827648,5.58345787009446,7.19733567883593,5.5835032348633,279.339237516214,270.177412866627,2008.96146302165,2018.12328767123,179900000,2
374,375,2.03102077021326,7.19570513827648,5.58345787009446,7.19700300501801,5.58708467640427,272.20843363684,270.177412866627,2008.96146302165,2010.99248379186,179900000,2
375,171,7.1143655232096,7.19700300501801,5.58708467640427,7.20080419758796,5.59123366411602,279.322799160049,272.20843363684,2010.99248379186,2018.10684931507,179900000,2
375,170,7.10340661909994,7.19700300501801,5.58708467640427,7.19773048688805,5.58451329353782,279.31184025594,272.20843363684,2010.99248379186,2018.09589041096,179900000,2
376,377,0.228184326288325,7.19145454057929,5.5844407227208,7.1896876212014,5.58389634073702,262.134769234809,261.90658490852,2000.69063506354,2000.91881938983,179900000,2
376,380,0.285844128442488,7.19145454057929,5.5844407227208,7.19093717568039,5.58518594288204,262.192429036963,261.90658490852,2000.69063506354,2000.97647919198,179900000,2
377,378,3.12956584360749,7.1896876212014,5.58389634073702,7.19923907267418,5.58653331987709,265.264335078416,262.134769234809,2000.91881938983,2004.04838523344,179900000,2
377,176,17.127755952638,7.1896876212014,5.58389634073702,8.84538,7.87839,279.262525187447,262.134769234809,2000.91881938983,2018.04657534247,179900000,2
378,379,0.156378950753771,7.19923907267418,5.58653331987709,7.19944411710747,5.58641784324457,265.42071402917,265.264335078416,2004.04838523344,2004.20476418419,179900000,2
378,175,15.0201079172496,7.19923907267418,5.58653331987709,7.20003712708668,5.5869470593851,280.284442995666,265.264335078416,2004.04838523344,2019.06849315068,179900000,2
379,174,14.8664686925234,7.19944411710747,5.58641784324457,6.3329840202129,5.61743736678021,280.287182721693,265.42071402917,2004.20476418419,2019.07123287671,179900000,2
379,173,14.7924960897836,7.19944411710747,5.58641784324457,7.20068473881698,5.58264149671151,280.213210118954,265.42071402917,2004.20476418419,2018.99726027397,179900000,2
380,386,2.30390116463862,7.19093717568039,5.58518594288204,7.19685855952159,5.58710976672513,264.496330201601,262.192429036963,2000.97647919198,2003.28038035662,179900000,2
380,381,2.13518086757721,7.19093717568039,5.58518594288204,7.19088300657775,5.58457984896344,264.32760990454,262.192429036963,2000.97647919198,2003.11166005956,179900000,2
381,382,0.574479081270374,7.19088300657775,5.58457984896344,7.19107041155573,5.58551562325713,264.90208898581,264.32760990454,2003.11166005956,2003.68613914083,179900000,2
381,177,14.2088878856465,7.19088300657775,5.58457984896344,7.19325886034046,5.58947647482736,278.536497790187,264.32760990454,2003.11166005956,2017.32054794521,179900000,2
382,384,12.749036910242,7.19107041155573,5.58551562325713,7.1921105330993,5.58847061752865,277.651125896053,264.90208898581,2003.68613914083,2016.43517605107,179900000,2
382,383,7.80794137742045,7.19107041155573,5.58551562325713,7.19206790461002,5.5935599386068,272.710030363231,264.90208898581,2003.68613914083,2011.49408051825,179900000,2
383,178,7.56345372832548,7.19206790461002,5.5935599386068,7.20099443039104,5.59032446971196,280.273484091556,272.710030363231,2011.49408051825,2019.05753424658,179900000,2
383,179,6.59907016668158,7.19206790461002,5.5935599386068,7.19419981212776,5.59007262825617,279.309100529912,272.710030363231,2011.49408051825,2018.09315068493,179900000,2
384,385,1.58098765976581,7.1921105330993,5.58847061752865,7.19305561897414,5.5969639354317,279.232113555818,277.651125896053,2016.43517605107,2018.01616371084,179900000,2
384,180,1.68263216810666,7.1921105330993,5.58847061752865,7.19342856205157,5.58819201934646,279.333758064159,277.651125896053,2016.43517605107,2018.11780821918,179900000,2
385,181,1.14548012477902,7.19305561897414,5.5969639354317,7.839884,5.857344,280.377593680597,279.232113555818,2018.01616371084,2019.16164383562,179900000,2
385,182,1.01397327546404,7.19305561897414,5.5969639354317,7.202272,5.381605,280.246086831282,279.232113555818,2018.01616371084,2019.0301369863,179900000,2
386,387,3.50253332469834,7.19685855952159,5.58710976672513,7.1992240691645,5.58597283104281,267.9988635263,264.496330201601,2003.28038035662,2006.78291368132,179900000,2
386,392,2.24702646310837,7.19685855952159,5.58710976672513,6.72655302842116,5.3972869586911,266.74335666471,264.496330201601,2003.28038035662,2005.52740681973,179900000,2
387,388,0.347593688640437,7.1992240691645,5.58597283104281,7.19862683240079,5.58405361557548,268.34645721494,267.9988635263,2006.78291368132,2007.13050736996,179900000,2
387,188,9.38102074491076,7.1992240691645,5.58597283104281,7.20237023521521,5.5888399342637,277.379884271211,267.9988635263,2006.78291368132,2016.16393442623,179900000,2
388,389,2.13539150100972,7.19862683240079,5.58405361557548,7.19868896297909,5.58391827713002,270.48184871595,268.34645721494,2007.13050736996,2009.26589887097,179900000,2
388,187,10.9873008492189,7.19862683240079,5.58405361557548,7.19784584525498,5.59129359252713,279.333758064159,268.34645721494,2007.13050736996,2018.11780821918,179900000,2
389,391,1.43721375885198,7.19868896297909,5.58391827713002,7.19967354090253,5.58545595019198,271.919062474802,270.48184871595,2009.26589887097,2010.70311262982,179900000,2
389,390,3.25234000476598,7.19868896297909,5.58391827713002,7.19793614473189,5.58870188712871,273.734188720716,270.48184871595,2009.26589887097,2012.51823887574,179900000,2
390,183,6.54751454892249,7.19793614473189,5.58870188712871,7.199438843323,5.58153401618197,280.281703269638,273.734188720716,2012.51823887574,2019.06575342466,179900000,2
390,184,5.59682961741561,7.19793614473189,5.58870188712871,7.19467441523021,5.58560879915712,279.331018338132,273.734188720716,2012.51823887574,2018.11506849315,179900000,2
391,185,6.34620243867212,7.19967354090253,5.58545595019198,7.19936811865726,5.58425427439678,278.265264913474,271.919062474802,2010.70311262982,2017.04931506849,179900000,2
391,186,7.33524353456246,7.19967354090253,5.58545595019198,7.20071691432179,5.58410458880322,279.254306009364,271.919062474802,2010.70311262982,2018.03835616438,179900000,2
392,190,13.6205383857505,6.72655302842116,5.3972869586911,7.09134856982734,4.79967823352929,280.36389505046,266.74335666471,2005.52740681973,2019.14794520548,179900000,2
392,189,13.5219082487642,6.72655302842116,5.3972869586911,6.733367,5.401827,280.265264913474,266.74335666471,2005.52740681973,2019.04931506849,179900000,2
393,394,2.00277459024287,6.91735488689076,5.78928811378469,6.97214292135891,5.83883247879623,256.731344500551,254.728569910308,1993.51262006533,1995.51539465557,179900000,2
393,193,25.5092977428922,6.91735488689076,5.78928811378469,7.457113,5.799837,280.2378676532,254.728569910308,1993.51262006533,2019.02191780822,179900000,2
394,192,22.6435094540193,6.97214292135891,5.83883247879623,6.85046133388554,5.60103757312873,279.37485395457,256.731344500551,1995.51539465557,2018.15890410959,179900000,2
394,191,20.331180686896,6.97214292135891,5.83883247879623,6.92235282812305,5.77739584471619,277.062525187447,256.731344500551,1995.51539465557,2015.84657534247,179900000,2
395,194,29.8200043559098,7.07867127231435,6.27894724328334,6.947775,5.91429,279.336497790187,249.516493434277,1988.3005435893,2018.12054794521,179900000,2
395,195,29.8090454518001,7.07867127231435,6.27894724328334,7.06919651558577,6.26379218675715,279.325538886077,249.516493434277,1988.3005435893,2018.1095890411,179900000,2
396,397,2.88788869333664,6.71419798477037,6.33198687693821,6.71531385762422,6.33271249377416,247.255285088733,244.367396395396,1983.15144655041,1986.03933524375,179900000,2
396,408,19.548341004393,6.71419798477037,6.33198687693821,6.71122474827714,6.33112440140513,263.915737399789,244.367396395396,1983.15144655041,2002.69978755481,179900000,2
397,398,1.845382852909,6.71531385762422,6.33271249377416,6.71113263893692,6.33251677944956,249.100667941642,247.255285088733,1986.03933524375,1987.88471809666,179900000,2
397,402,8.30991883131802,6.71531385762422,6.33271249377416,6.72287199999313,6.33744796023285,255.565203920051,247.255285088733,1986.03933524375,1994.34925407507,179900000,2
398,399,9.66301427600057,6.71113263893692,6.33251677944956,6.70799236390359,6.32553377387749,258.763682217642,249.100667941642,1987.88471809666,1997.54773237266,179900000,2
398,196,20.1999813568913,6.71113263893692,6.33251677944956,6.71467887561553,6.33261126886783,269.300649298533,249.100667941642,1987.88471809666,2008.08469945355,179900000,2
399,400,15.8640312275931,6.70799236390359,6.32553377387749,6.7129530952466,6.32961102770845,274.627713445235,258.763682217642,1997.54773237266,2013.41176360025,179900000,2
399,197,21.6056922848732,6.70799236390359,6.32553377387749,7.06379459727649,6.27103215460141,280.369374502515,258.763682217642,1997.54773237266,2019.15342465753,179900000,2
400,198,4.77179804358143,6.7129530952466,6.32961102770845,6.70992132043424,6.32902135953352,279.399511488817,274.627713445235,2013.41176360025,2018.18356164384,179900000,2
400,401,1.76376025916781,6.7129530952466,6.32961102770845,6.71387914612986,6.33185246498984,276.391473704403,274.627713445235,2013.41176360025,2015.17552385942,179900000,2
401,200,3.00529805838627,6.71387914612986,6.33185246498984,6.71324584857782,6.33278127553699,279.396771762789,276.391473704403,2015.17552385942,2018.18082191781,179900000,2
401,199,3.91488709948211,6.71387914612986,6.33185246498984,6.71016170715652,6.32504879361357,280.306360803885,276.391473704403,2015.17552385942,2019.0904109589,179900000,2
402,201,24.7384171578072,6.72287199999313,6.33744796023285,6.73990603570636,6.22066863733628,280.303621077858,255.565203920051,1994.34925407507,2019.08767123288,179900000,2
402,403,2.387639797928,6.72287199999313,6.33744796023285,6.71939211949067,6.33289952818444,257.952843717979,255.565203920051,1994.34925407507,1996.736893873,179900000,2
403,407,13.5742588532858,6.71939211949067,6.33289952818444,6.71059515380034,6.32530648475954,271.527102571264,257.952843717979,1996.736893873,2010.31115272628,179900000,2
403,404,8.92523469141813,6.71939211949067,6.33289952818444,6.71532040971752,6.33179398358827,266.878078409397,257.952843717979,1996.736893873,2005.66212856442,179900000,2
404,202,12.4419810246255,6.71532040971752,6.33179398358827,6.71156963074321,6.3314409022382,279.320059434022,266.878078409397,2005.66212856442,2018.10410958904,179900000,2
404,405,2.7609158685364,6.71532040971752,6.33179398358827,6.70496364609542,6.33309646609711,269.638994277933,266.878078409397,2005.66212856442,2008.42304443295,179900000,2
405,203,10.7550377588286,6.70496364609542,6.33309646609711,6.71288261799415,6.32589340553329,280.394032036762,269.638994277933,2008.42304443295,2019.17808219178,179900000,2
405,406,7.70123582164337,6.70496364609542,6.33309646609711,6.71137882766245,6.32561407423981,277.340230099576,269.638994277933,2008.42304443295,2016.1242802546,179900000,2
406,205,2.91955536184294,6.71137882766245,6.32561407423981,6.70829540223279,6.32661604597538,280.259785461419,277.340230099576,2016.1242802546,2019.04383561644,179900000,2
406,204,2.9222950878703,6.71137882766245,6.32561407423981,6.7118209062716,6.32434560598437,280.262525187447,277.340230099576,2016.1242802546,2019.04657534247,179900000,2
407,206,7.78747741070285,6.71059515380034,6.32530648475954,6.71270486942857,6.32842504359533,279.314579981967,271.527102571264,2010.31115272628,2018.09863013699,179900000,2
407,207,7.82035412303159,6.71059515380034,6.32530648475954,6.71337393598461,6.32434467115441,279.347456694296,271.527102571264,2010.31115272628,2018.13150684931,179900000,2
408,208,16.3193905273838,6.71122474827714,6.33112440140513,6.71077576039321,6.32413282077044,280.235127927173,263.915737399789,2002.69978755481,2019.01917808219,179900000,2
408,409,9.91028710040232,6.71122474827714,6.33112440140513,6.7338485032972,6.35698749033435,273.826024500191,263.915737399789,2002.69978755481,2012.61007465521,179900000,2
409,209,3.51287616446178,6.7338485032972,6.35698749033435,6.74508032149119,6.22435689974038,277.338900664653,273.826024500191,2012.61007465521,2016.12295081967,179900000,2
409,210,5.50499383794034,6.7338485032972,6.35698749033435,6.71584028728702,6.32998614079235,279.331018338132,273.826024500191,2012.61007465521,2018.11506849315,179900000,2
410,411,2.55272605527848,6.21076260744234,6.72878203046171,6.63467463623715,6.37812305145171,252.331053536769,249.77832748149,1988.56237763651,1991.11510369179,179900000,2
410,412,2.67986982036688,6.21076260744234,6.72878203046171,6.2094881698367,6.72532632389553,252.458197301857,249.77832748149,1988.56237763651,1991.24224745688,179900000,2
411,212,27.8903757602671,6.63467463623715,6.37812305145171,6.6620045690503,6.38567907966618,280.221429297036,252.331053536769,1991.11510369179,2019.00547945205,179900000,2
411,211,21.1635848328025,6.63467463623715,6.37812305145171,6.797072,6.664688,273.494638369571,252.331053536769,1991.11510369179,2012.27868852459,179900000,2
412,214,27.916656652713,6.2094881698367,6.72532632389553,6.20164446578696,6.73277249559633,280.37485395457,252.458197301857,1991.24224745688,2019.15890410959,179900000,2
412,213,26.922136104768,6.2094881698367,6.72532632389553,7.11352127427681,6.73932481520224,279.380333406625,252.458197301857,1991.24224745688,2018.16438356164,179900000,2
470,471,222.661068225529,9.90664932997402,8.79845882905265,9.92256227791431,8.83027421331956,222.661068225529,0,1487.13617559769,1709.79724382322,179900000,3
470,485,239.339110141063,9.90664932997402,8.79845882905265,8.5203775053968,8.58036108715029,239.339110141063,0,1487.13617559769,1726.47528573876,179900000,3
471,472,105.311941992891,9.92256227791431,8.83027421331956,9.94420155484022,8.91864297703309,327.97301021842,222.661068225529,1709.79724382322,1815.10918581611,179900000,3
471,484,246.369722343422,9.92256227791431,8.83027421331956,11.0356784854341,7.68297478515388,469.03079056895,222.661068225529,1709.79724382322,1956.16696616664,179900000,3
472,479,45.091046201025,9.94420155484022,8.91864297703309,9.9640421702482,8.90886409123521,373.064056419445,327.97301021842,1815.10918581611,1860.20023201714,179900000,3
472,473,83.7526335634209,9.94420155484022,8.91864297703309,9.93814337093027,8.91067222970266,411.725643781841,327.97301021842,1815.10918581611,1898.86181937954,179900000,3
473,474,22.1474318071279,9.93814337093027,8.91067222970266,9.92571258455814,8.91721767707111,433.873075588969,411.725643781841,1898.86181937954,1921.00925118666,179900000,3
473,477,0.841951045214586,9.93814337093027,8.91067222970266,9.8808670511477,8.91357943860364,412.567594827056,411.725643781841,1898.86181937954,1899.70377042475,179900000,3
474,416,53.9907488133368,9.92571258455814,8.91721767707111,9.783333,8.283333,487.863824402306,433.873075588969,1921.00925118666,1975,179900000,3
474,475,33.2105115435727,9.92571258455814,8.91721767707111,9.91597516013674,8.90157143888916,467.083587132542,433.873075588969,1921.00925118666,1954.21976273024,179900000,3
475,413,53.8649367233159,9.91597516013674,8.90157143888916,9.91910521499651,8.89319376931893,520.948523855858,467.083587132542,1954.21976273024,2008.08469945355,179900000,3
475,476,16.921732881872,9.91597516013674,8.90157143888916,9.90886424106912,8.88802636785428,484.005320014414,467.083587132542,1954.21976273024,1971.14149561211,179900000,3
476,414,36.9432038414439,9.90886424106912,8.88802636785428,9.91320642880278,8.88769500266716,520.948523855858,484.005320014414,1971.14149561211,2008.08469945355,179900000,3
476,415,35.8585043878921,9.90886424106912,8.88802636785428,9.91515946833754,8.89285650138684,519.863824402306,484.005320014414,1971.14149561211,2007,179900000,3
477,478,37.4923325794121,9.8808670511477,8.91357943860364,9.76339768754013,8.87847911730127,450.059927406468,412.567594827056,1899.70377042475,1937.19610300416,179900000,3
477,419,108.298961815687,9.8808670511477,8.91357943860364,9.050211,7.396413,520.866556642743,412.567594827056,1899.70377042475,2008.00273224044,179900000,3
478,417,38.8038969958381,9.76339768754013,8.87847911730127,9.74200843037143,8.80444236903963,488.863824402306,450.059927406468,1937.19610300416,1976,179900000,3
478,418,78.9487057390076,9.76339768754013,8.87847911730127,10.523056,7.440278,529.008633145475,450.059927406468,1937.19610300416,2016.14480874317,179900000,3
479,425,154.818946065052,9.9640421702482,8.90886409123521,10.3144723731492,9.84624767396514,527.883002484498,373.064056419445,1860.20023201714,2015.01917808219,179900000,3
479,480,48.9220036407092,9.9640421702482,8.90886409123521,9.970284512193,8.90203702672941,421.986060060154,373.064056419445,1860.20023201714,1909.12223565785,179900000,3
480,424,104.033928725713,9.970284512193,8.90203702672941,9.91293479811575,8.89204940880168,526.019988785867,421.986060060154,1909.12223565785,2013.15616438356,179900000,3
480,481,45.2634040767546,9.970284512193,8.90203702672941,9.90945372969279,8.88458281556427,467.249464136909,421.986060060154,1909.12223565785,1954.3856397346,179900000,3
481,482,19.6843036373261,9.90945372969279,8.88458281556427,9.91121233390923,8.88911054453963,486.933767774235,467.249464136909,1954.3856397346,1974.06994337193,179900000,3
481,483,20.2366597743176,9.90945372969279,8.88458281556427,9.74226131490921,8.8138370157429,487.486123911227,467.249464136909,1954.3856397346,1974.62229950892,179900000,3
482,420,18.9300566280706,9.91121233390923,8.88911054453963,9.91480160021332,8.88877502694321,505.863824402306,486.933767774235,1974.06994337193,1993,179900000,3
482,421,38.973892244509,9.91121233390923,8.88911054453963,7.732152,8.539144,525.907660018744,486.933767774235,1974.06994337193,2013.04383561644,179900000,3
483,423,0.377700491079104,9.74226131490921,8.8138370157429,9.73888010861956,8.8118734217047,487.863824402306,487.486123911227,1974.62229950892,1975,179900000,3
483,422,40.4078374773805,9.74226131490921,8.8138370157429,9.74015517473873,8.81301888148311,527.893961388607,487.486123911227,1974.62229950892,2015.0301369863,179900000,3
484,426,21.6659105456842,11.0356784854341,7.68297478515388,11.0831066486115,7.69113866658487,490.696701114634,469.03079056895,1956.16696616664,1977.83287671233,179900000,3
484,427,58.9070064360952,11.0356784854341,7.68297478515388,11.0872980818244,7.69048875646627,527.937797005046,469.03079056895,1956.16696616664,2015.07397260274,179900000,3
485,503,18.1741196858816,8.5203775053968,8.58036108715029,8.66793632334433,8.58925011476023,257.513229826944,239.339110141063,1726.47528573876,1744.64940542464,179900000,3
485,486,53.1128110239271,8.5203775053968,8.58036108715029,8.48353896842704,8.52391296788673,292.45192116499,239.339110141063,1726.47528573876,1779.58809676268,179900000,3
486,487,125.492837502925,8.48353896842704,8.52391296788673,8.47027197537799,8.56108582408228,417.944758667915,292.45192116499,1779.58809676268,1905.08093426561,179900000,3
486,492,188.723355906826,8.48353896842704,8.52391296788673,8.46307958191353,8.49983814666137,481.175277071816,292.45192116499,1779.58809676268,1968.31145266951,179900000,3
487,488,4.25873582725049,8.47027197537799,8.56108582408228,8.47404820465291,8.56405596977624,422.203494495165,417.944758667915,1905.08093426561,1909.33967009286,179900000,3
487,433,112.968380802884,8.47027197537799,8.56108582408228,5.79449,7.03589,530.913139470799,417.944758667915,1905.08093426561,2018.04931506849,179900000,3
488,432,106.813335371621,8.47404820465291,8.56405596977624,7.565864,7.917972,529.016829866787,422.203494495165,1909.33967009286,2016.15300546448,179900000,3
488,489,50.5319004512138,8.47404820465291,8.56405596977624,8.39452756596829,8.58633779718997,472.735394946379,422.203494495165,1909.33967009286,1959.87157054407,179900000,3
489,490,43.4104479685547,8.39452756596829,8.58633779718997,7.63378493504965,8.39615579254199,516.145842914934,472.735394946379,1959.87157054407,2003.28201851263,179900000,3
489,428,56.2267901116643,8.39452756596829,8.58633779718997,8.325363,8.450158,528.962185058043,472.735394946379,1959.87157054407,2016.09836065574,179900000,3
490,431,9.54311809939373,7.63378493504965,8.39615579254199,7.6304387415193,8.40499877583751,525.688961014328,516.145842914934,2003.28201851263,2012.82513661202,179900000,3
490,491,6.92954324269638,7.63378493504965,8.39615579254199,7.63452389014268,8.39628692885078,523.07538615763,516.145842914934,2003.28201851263,2010.21156175532,179900000,3
491,430,1.59939714878509,7.63452389014268,8.39628692885078,7.63471726159394,8.40138617218843,524.674783306415,523.07538615763,2010.21156175532,2011.81095890411,179900000,3
491,429,1.59665742275773,7.63452389014268,8.39628692885078,7.62901676772677,8.39699968899244,524.672043580388,523.07538615763,2010.21156175532,2011.80821917808,179900000,3
492,500,10.9784019169497,8.46307958191353,8.49983814666137,8.49334201651706,8.51808018311273,492.153678988765,481.175277071816,1968.31145266951,1979.28985458646,179900000,3
492,493,6.08477828318537,8.46307958191353,8.49983814666137,8.48103650058583,8.52060570640775,487.260055355001,481.175277071816,1968.31145266951,1974.3962309527,179900000,3
493,495,0.655732388289245,8.48103650058583,8.52060570640775,8.48686811212981,8.52256080039958,487.91578774329,487.260055355001,1974.3962309527,1975.05196334098,179900000,3
493,494,3.14652851981911,8.48103650058583,8.52060570640775,8.49065920089712,8.52627239038918,490.40658387482,487.260055355001,1974.3962309527,1977.54275947251,179900000,3
494,434,38.4517610754309,8.49065920089712,8.52627239038918,8.4,8.55,528.858344950251,490.40658387482,1977.54275947251,2015.99452054795,179900000,3
494,435,36.509295322006,8.49065920089712,8.52627239038918,8.4935384585236,8.52124019935648,526.915879196826,490.40658387482,1977.54275947251,2014.05205479452,179900000,3
495,496,5.7416076664495,8.48686811212981,8.52256080039958,8.47957268127671,8.52345529609164,493.65739540974,487.91578774329,1975.05196334098,1980.79357100743,179900000,3
495,499,3.96357052711123,8.48686811212981,8.52256080039958,8.49337959990548,8.50003725322424,491.879358270402,487.91578774329,1975.05196334098,1979.0155338681,179900000,3
496,439,32.2530043350317,8.47957268127671,8.52345529609164,8.49258518340939,8.52205209174117,525.910399744772,493.65739540974,1980.79357100743,2013.04657534247,179900000,3
496,497,29.4125195605316,8.47957268127671,8.52345529609164,8.49329067278546,8.52630191318067,523.069914970271,493.65739540974,1980.79357100743,2010.20609056797,179900000,3
497,438,5.78842997997962,8.49329067278546,8.52630191318067,8.49555708731216,8.52647472732013,528.858344950251,523.069914970271,2010.20609056797,2015.99452054795,179900000,3
497,498,2.53418901531387,8.49329067278546,8.52630191318067,8.49339931911055,8.52546788462879,525.604103985585,523.069914970271,2010.20609056797,2012.74027958328,179900000,3
498,437,4.32273411535059,8.49339931911055,8.52546788462879,8.50018083564136,8.51664511222395,529.926838100936,525.604103985585,2012.74027958328,2017.06301369863,179900000,3
498,436,3.34988435114677,8.49339931911055,8.52546788462879,8.49830089240811,8.5263912329528,528.953988336732,525.604103985585,2012.74027958328,2016.09016393443,179900000,3
499,441,37.1074169515762,8.49337959990548,8.50003725322424,8.49716223039469,8.51980813447707,528.986775221978,491.879358270402,1979.0155338681,2016.12295081967,179900000,3
499,440,21.1484005581338,8.49337959990548,8.50003725322424,9.91247744033236,8.89069418514412,513.027758828535,491.879358270402,1979.0155338681,2000.16393442623,179900000,3
500,442,32.8658831184584,8.49334201651706,8.51808018311273,8.50035488327278,8.5172789630646,525.019562107224,492.153678988765,1979.28985458646,2012.15573770492,179900000,3
500,501,3.31838655162645,8.49334201651706,8.51808018311273,8.50048804631716,8.52473819061204,495.472065540392,492.153678988765,1979.28985458646,1982.60824113809,179900000,3
501,443,13.3917588619139,8.50048804631716,8.52473819061204,9.91790570366585,8.89469599978369,508.863824402306,495.472065540392,1982.60824113809,1996,179900000,3
501,502,1.7352846444216,8.50048804631716,8.52473819061204,8.49796380004212,8.52338502576134,497.207350184813,495.472065540392,1982.60824113809,1984.34352578251,179900000,3
502,444,31.8531955289677,8.49796380004212,8.52338502576134,8.50067346258171,8.52048968073339,529.060545713781,497.207350184813,1984.34352578251,2016.19672131148,179900000,3
502,445,31.7083867857984,8.49796380004212,8.52338502576134,8.4926849264079,8.52291287733512,528.915736970612,497.207350184813,1984.34352578251,2016.05191256831,179900000,3
503,504,44.5715083209063,8.66793632334433,8.58925011476023,9.29078001138527,9.25068691895372,302.084738147851,257.513229826944,1744.64940542464,1789.22091374554,179900000,3
503,446,271.407971624542,8.66793632334433,8.58925011476023,7.213958,10.183256,528.921201451486,257.513229826944,1744.64940542464,2016.05737704918,179900000,3
504,505,104.243688927554,9.29078001138527,9.25068691895372,9.25415103025769,9.24715822414875,406.328427075405,302.084738147851,1789.22091374554,1893.4646026731,179900000,3
504,508,55.8273355699187,9.29078001138527,9.25068691895372,9.30039813219412,9.10414795934257,357.91207371777,302.084738147851,1789.22091374554,1845.04824931546,179900000,3
505,447,122.600971097393,9.25415103025769,9.24715822414875,9.755908,9.553992,528.929398172798,406.328427075405,1893.4646026731,2016.06557377049,179900000,3
505,506,38.3695867635609,9.25415103025769,9.24715822414875,9.26367205358077,9.24994508724803,444.698013838965,406.328427075405,1893.4646026731,1931.83418943666,179900000,3
506,507,42.9722979725201,9.26367205358077,9.24994508724803,10.2738701840869,10.3370624657256,487.670311811486,444.698013838965,1931.83418943666,1974.80648740918,179900000,3
506,448,87.2699201523815,9.26367205358077,9.24994508724803,7.336619,9.002272,531.967933991347,444.698013838965,1931.83418943666,2019.10410958904,179900000,3
507,449,40.4647454675325,10.2738701840869,10.3370624657256,10.2698104629414,10.3308906270746,528.135057279018,487.670311811486,1974.80648740918,2015.27123287671,179900000,3
507,450,41.2672830826236,10.2738701840869,10.3370624657256,10.2715707321649,10.3317226199938,528.937594894109,487.670311811486,1974.80648740918,2016.0737704918,179900000,3
508,509,28.4415804163839,9.30039813219412,9.10414795934257,9.38660120324376,9.15227864893634,386.353654134154,357.91207371777,1845.04824931546,1873.48982973185,179900000,3
508,451,171.003663252842,9.30039813219412,9.10414795934257,8.87931,9.53879,528.915736970612,357.91207371777,1845.04824931546,2016.05191256831,179900000,3
509,525,20.0508628018363,9.38660120324376,9.15227864893634,9.38402728250302,9.14797314640611,406.40451693599,386.353654134154,1873.48982973185,1893.54069253368,179900000,3
509,510,19.822469329398,9.38660120324376,9.15227864893634,10.2936193987025,9.83602960734384,406.176123463552,386.353654134154,1873.48982973185,1893.31229906125,179900000,3
510,511,31.6744604455442,10.2936193987025,9.83602960734384,10.3249914823081,9.86063968329497,437.850583909096,406.176123463552,1893.31229906125,1924.98675950679,179900000,3
510,523,7.34817365599189,10.2936193987025,9.83602960734384,10.2803647527941,9.83994619122084,413.524297119543,406.176123463552,1893.31229906125,1900.66047271724,179900000,3
511,522,44.734676827044,10.3249914823081,9.86063968329497,10.0280007374665,9.27323281937479,482.58526073614,437.850583909096,1924.98675950679,1969.72143633383,179900000,3
511,512,4.7201054057858,10.3249914823081,9.86063968329497,10.3260352959555,9.85928945138607,442.570689314882,437.850583909096,1924.98675950679,1929.70686491258,179900000,3
512,520,71.3351640740915,10.3260352959555,9.85928945138607,10.345029409946,9.85944916837305,513.905853388973,442.570689314882,1929.70686491258,2001.04202898667,179900000,3
512,513,40.973719392683,10.3260352959555,9.85928945138607,10.3449702830855,9.84064697655669,483.544408707565,442.570689314882,1929.70686491258,1970.68058430526,179900000,3
513,514,11.544668135258,10.3449702830855,9.84064697655669,10.3211671023113,9.845293826171,495.089076842823,483.544408707565,1970.68058430526,1982.22525244052,179900000,3
513,516,4.28411511089253,10.3449702830855,9.84064697655669,10.095509869935,9.76349593517127,487.828523818457,483.544408707565,1970.68058430526,1974.96469941615,179900000,3
514,454,31.7089941348258,10.3211671023113,9.845293826171,10.3188645890405,9.84544208981618,526.798070977648,495.089076842823,1982.22525244052,2013.93424657534,179900000,3
514,515,12.8759348561031,10.3211671023113,9.845293826171,10.3254454549209,9.84724503137234,507.965011698926,495.089076842823,1982.22525244052,1995.10118729662,179900000,3
515,452,18.0851140732432,10.3254454549209,9.84724503137234,10.3183102439336,9.8453758987229,526.050125772169,507.965011698926,1995.10118729662,2013.18630136986,179900000,3
515,453,20.2111414705035,10.3254454549209,9.84724503137234,9.59125668881362,9.6151972862836,528.176153169429,507.965011698926,1995.10118729662,2015.31232876712,179900000,3
516,459,41.2265574144499,10.095509869935,9.76349593517127,9.59560341880156,9.61842939657333,529.055081232907,487.828523818457,1974.96469941615,2016.1912568306,179900000,3
516,517,8.10638424229316,10.095509869935,9.76349593517127,10.0942060726313,9.7623178215036,495.93490806075,487.828523818457,1974.96469941615,1983.07108365844,179900000,3
517,518,12.0502980509431,10.0942060726313,9.7623178215036,10.0982341588128,9.76894362392003,507.985206111693,495.93490806075,1983.07108365844,1995.12138170939,179900000,3
517,458,34.931656067583,10.0942060726313,9.7623178215036,10.0907570434164,9.76963607287986,530.866564128333,495.93490806075,1983.07108365844,2018.00273972603,179900000,3
518,519,6.82630590460574,10.0982341588128,9.76894362392003,10.0945273012333,9.77026277816475,514.811512016299,507.985206111693,1995.12138170939,2001.94768761399,179900000,3
518,455,19.1416319892426,10.0982341588128,9.76894362392003,12.287316,10.350665,527.126838100936,507.985206111693,1995.12138170939,2014.26301369863,179900000,3
519,456,14.213514571799,10.0945273012333,9.77026277816475,10.675453,9.122348,529.025026588098,514.811512016299,2001.94768761399,2016.16120218579,179900000,3
519,457,14.0823670308156,10.0945273012333,9.77026277816475,10.0893850992567,9.77174784044529,528.893879047115,514.811512016299,2001.94768761399,2016.03005464481,179900000,3
520,462,12.8812586845657,10.345029409946,9.85944916837305,10.3151298297347,9.84224578134752,526.787112073539,513.905853388973,2001.04202898667,2013.92328767123,179900000,3
520,521,3.69253334046365,10.345029409946,9.85944916837305,9.95070431065008,9.46764912375504,517.598386729437,513.905853388973,2001.04202898667,2004.73456232713,179900000,3
521,460,13.3695472619103,9.95070431065008,9.46764912375504,9.960813,9.502202,530.967933991347,517.598386729437,2004.73456232713,2018.10410958904,179900000,3
521,461,11.2243417824581,9.95070431065008,9.46764912375504,9.99934,9.51518,528.822728511895,517.598386729437,2004.73456232713,2015.95890410959,179900000,3
522,463,48.4511664058922,10.0280007374665,9.27323281937479,10.03284,9.386606,531.036427142032,482.58526073614,1969.72143633383,2018.17260273973,179900000,3
522,464,48.3717143510977,10.0280007374665,9.27323281937479,9.983,9.233,530.956975087237,482.58526073614,1969.72143633383,2018.09315068493,179900000,3
523,465,115.358652965823,10.2803647527941,9.83994619122084,10.006978,9.544584,528.882950085366,413.524297119543,1900.66047271724,2016.01912568306,179900000,3
523,524,96.5973864979346,10.2803647527941,9.83994619122084,10.3151550051538,9.84794981907761,510.121683617478,413.524297119543,1900.66047271724,1997.25785921517,179900000,3
524,467,17.7887161272936,10.3151550051538,9.84794981907761,10.3098684840129,9.84608632472424,527.910399744772,510.121683617478,1997.25785921517,2015.04657534247,179900000,3
524,466,16.6352914697593,10.3151550051538,9.84794981907761,10.3153332319329,9.84969675286074,526.756975087237,510.121683617478,1997.25785921517,2013.89315068493,179900000,3
525,468,122.467504187627,9.38402728250302,9.14797314640611,9.383,9.133,528.872021123617,406.40451693599,1893.54069253368,2016.00819672131,179900000,3
525,469,88.4593074663159,9.38402728250302,9.14797314640611,9.91629675676696,8.89432306444224,494.863824402306,406.40451693599,1893.54069253368,1982,179900000,3
