Main_rivers_S3_k10,Main_rivers_S3_k100,Main_rivers_S3_k1000,Main_rivers_S3_k10000,Main_rivers_S4_k10,Main_rivers_S4_k100,Main_rivers_S4_k1000,Main_rivers_S4_k10000,Main_rivers_S5_k10,Main_rivers_S5_k100,Main_rivers_S5_k1000,Main_rivers_S5_k10000,Main_rivers_S6_k10,Main_rivers_S6_k100,Main_rivers_S6_k1000,Main_rivers_S6_k10000,Main_rivers_S7_k10,Main_rivers_S7_k100,Main_rivers_S7_k1000,Main_rivers_S7_k10000
11732.6502807727,15595.8991975828,31420.4773337303,122913.226386458,11346.4025894517,13071.998477157,26427.2444353737,98720.6773286248,11191.0178131408,12001.0178131408,18071.0476093295,20274.4869273847,106434.334044778,125382.700859272,234675.597406191,250610.261921297,105876.88534333,122706.885343331,193131.390478876,193131.390478876
12929.0585771493,17747.1014331988,39609.0587874092,152601.949468148,12442.9631227198,14769.9214921594,31818.4562646433,111571.607337627,12271.9631227198,13615.3428483967,24138.7619639157,41638.3375004078,110039.362974415,129942.454752378,247079.256921681,285631.77980878,109419.654388337,126890.573219259,201767.627412639,224962.071571068
11728.3344802326,15841.9551134931,33095.0328163648,133293.573716292,11300.1090834882,13489.1801513,29129.5875811242,123847.873288118,11080.1090834882,11890.1090834882,17887.133829043,20210.7812998999,108096.690609326,127017.081810438,235349.142787557,249963.659757469,107519.241907879,124169.24190788,193715.922441444,193715.922441444
11873.6746673903,16029.2587207243,33073.5466684392,119852.246947938,11399.2898910795,13218.5426330343,26312.6771183681,80449.1566928151,11264.0472503923,12344.0472503923,19925.149339882,21902.3763210535,106478.902587273,125486.72524589,229566.808368908,238687.328384505,105903.755401015,122283.755401016,190538.972947783,190538.972947783
11601.07163701,15535.3844789571,31363.210306426,123207.186847943,11187.3559082574,13118.6309447889,27815.5926317584,113947.223576546,11009.5985489446,11819.5985489445,17997.0324574278,20371.5916165302,107349.395877874,126392.604179353,234833.394811637,251010.1849363,106737.888301923,123477.888301924,192822.339972537,192822.339972537
12068.8929214598,16574.4841174686,36199.5517190722,172300.295362225,11553.2482605191,13455.4736572635,27229.7561954066,117174.269032246,11370.7924163964,12199.4320267031,19749.5593693623,48941.6278375165,103899.339603026,122956.15930305,231484.101305674,278065.061208526,103344.819833766,120077.09905438,191216.728722669,223319.833052879
11607.8390975906,15969.8403230798,34642.8847635555,152522.349186101,11169.2360672103,13364.0573516601,29111.5269735176,127657.120979439,10980.4492706459,11917.7284912594,19760.9525138377,49159.6341136398,107284.317667387,126416.980946437,237821.335280843,287800.130394559,106710.383684565,123199.023294872,194293.063351579,230420.615516686
11433.9984771571,15478.7297167487,31567.8056865169,127207.96231775,11002.9446532879,12951.5182464167,27810.9979695422,117757.9544572,10813.9030227276,11623.9030227276,17543.8121113173,19520.3569850698,105730.644435746,124672.040687492,234003.579444373,250092.010912446,105141.982530863,121791.982530864,191195.211404388,191195.211404388
12066.8605256154,16813.336931211,38065.0302167093,161746.365055874,11641.4168748015,14124.0493424333,33653.2489783931,151596.723502202,11454.446312053,12870.0148545479,23774.3688194408,57869.4893783622,107367.163697392,126676.678923633,241010.697254964,298187.715314446,106810.384043502,123977.979064657,199396.341556965,241365.621792811
11347.9913344821,16401.0240892638,41570.4116754898,224160.605245582,10915.121276797,13663.677625983,35686.3318805759,198935.576823555,10665.6065581713,11917.8857787848,23707.7401769532,85111.2543879596,106986.568676238,127038.776111166,246020.849640533,348879.193453152,106296.901720721,123842.378992869,203658.338239435,290667.93723442
12126.2209153086,16950.3937136731,39000.4865684468,189079.239805258,11593.7528778771,13663.189386016,30758.6981874556,143835.45193188,11392.7823151286,12247.7823151286,19754.63635436,35425.7812998986,103192.158585174,122061.774316478,221848.840046877,250549.132214753,102732.910893853,119742.910893853,190268.443225932,208268.443225934
11812.7171645024,16448.3003512845,35468.0108807258,145532.70993473,11371.3618254431,13761.5354903593,30611.455905706,134717.306837664,11140.0481169441,12167.3273375576,20909.4701910561,50343.1425561433,105123.699992719,124453.313631983,233764.623018298,274910.337470548,104558.133542265,121714.052373186,195661.748776528,223337.888461177
11851.5346238076,15825.2536700904,32956.4301449224,137700.871047406,11439.4879426134,13427.94883737,27875.9554724305,113243.331224289,11275.3752442412,12220.3752442412,19419.0092962994,34842.8809384102,104824.385417668,123683.755190755,230480.318693191,266219.182275062,104246.89508566,120671.895085661,189878.602964436,212378.602964439
11325.2979003062,15157.1641328465,31317.063120168,131076.732736919,10873.5872221875,12628.2613203797,25410.1733675619,97337.8030868577,10715.5161543757,11525.5161543757,17394.9572055339,19379.5437098467,105313.186140645,123841.85656237,231027.65123006,245599.691794375,104762.766876449,120783.524235762,187371.048707291,187371.048707291
11440.682676617,15856.4656480366,35685.0592950229,153240.118738715,11016.7709883716,13344.3984053694,29951.7877246989,128619.878338748,10821.8004256231,11946.800425623,20027.3238713502,35395.2127574036,107170.921923256,126592.339603027,238583.356349931,269576.41726546,106614.100638806,123624.100638808,195826.254260438,213826.254260439
11564.2877990384,15841.3012178364,32446.2641302951,136352.169245062,11102.2877990384,12936.9080733614,26535.0930650341,111563.869970588,10894.6725753493,11524.6725753492,16578.4769747936,18406.9688912286,108694.24399992,127774.11124769,237269.14054684,251051.544967055,108088.594288345,124648.594288346,194140.898413764,194140.898413764
11785.7041046418,15833.5459505646,31513.6287040706,114366.936198031,11341.2137726337,13244.691911333,25856.3958057139,89500.6714114444,11163.6279861961,11973.6279861961,18230.2709140328,20545.3956570373,105854.770193979,124682.757282796,231116.924682165,248084.15182258,105252.63520103,121632.90727897,189333.08824581,189333.08824581
11851.6818100652,16267.9256762415,33133.3465248639,142214.384540538,11402.07163701,13516.0838303187,28601.2292834721,132019.911601149,11191.6574234476,12065.2970337543,19875.8537418774,53605.762830466,106290.914780581,125701.688665963,237716.087379262,311356.123759501,105712.880292696,122947.880292697,198501.689543088,257001.689543094
11627.3071350221,15960.8991975828,38152.5858480204,197381.792836912,11182.2411178442,13238.2390258031,30299.3630509317,143510.373721395,10980.1700500323,11700.1700500323,17847.9530214517,20161.2199000799,106442.852588548,125486.660961815,234944.621433871,251966.480175367,105835.989673538,122485.989673539,191941.656280691,191941.656280691
11602.873585476,15801.1805102375,34751.8389489136,154225.717943963,11179.5304397255,13355.6015075374,28492.5400333787,119736.742479256,11005.7020126008,12149.3416229075,22485.6069171082,65698.0697552276,106165.700859271,125753.153893479,241676.550514737,324253.767764152,105508.962835942,122754.881666863,198849.404764226,262570.702961893
11342.4787078974,14792.2940751615,26681.193929035,90391.9762441616,10923.6969619669,12341.0796462367,23127.7600205515,81510.9877195949,10790.0401077174,11420.0401077174,16668.6515062616,18633.1963800141,105903.652444973,125218.401077185,236736.716739624,253924.072237928,105373.233180777,122563.233180778,194449.659239284,194449.659239284
11870.0350570835,16195.4525881762,34634.8359903205,148986.759574522,11386.0817382777,13247.5476836682,27422.1043917912,109031.346376187,11220.3538162164,12075.3538162163,19439.6191104171,35282.822930459,108313.227622529,127420.107063608,238356.632401691,272466.689194723,107717.536280394,124637.536280395,196526.088963686,214526.088963688
11523.128419472,15663.4139162086,32476.0408255921,145594.302145971,11068.5842635947,13016.3588668502,28420.8067017461,135962.689163,10880.7852737215,11690.7852737214,18892.3428483969,47756.6997718844,106417.784479329,125363.742130895,233215.704038701,286298.34843837,105779.164205006,122260.083035927,194009.463638729,235227.146612706
11608.2045379177,15989.3550417056,32679.6875785736,124005.029560419,11139.3172362899,12923.0968901793,25490.5337572551,88869.2185259102,10979.8613921672,11924.8613921671,19562.2019382619,35285.4402461891,108141.034621629,127015.827842994,237382.627053703,270303.706438663,107578.89962868,124318.899628681,195861.758011244,213861.758011244
11839.368968118,16019.3428483967,33254.5210563319,129450.203225331,11331.9131239953,12967.680584576,24058.3621843803,69787.0023638846,11186.9425612468,12086.9425612468,18718.2801487488,21314.2606640885,107351.040538814,126282.692491108,235278.23145825,250762.470074099,106677.817234111,123147.817234112,192826.99855989,192826.99855989
11948.0472503923,15773.1977541802,32601.8818049625,141456.627181227,11505.5964569035,13274.8807281509,27235.753236814,117244.386781258,11328.6675247154,12040.9467453289,18422.2986181807,34291.9680246778,106988.614131943,126016.07935946,235349.266305073,280275.913873593,106363.633467927,123077.273078235,194686.870709616,226408.170132769
11347.8491988584,14904.2129060819,28239.095516013,105485.652434398,10958.7020126008,12593.4694731814,24696.9610306785,96602.9338957286,10794.2461684781,11424.246168478,16665.8281297708,18641.1598000876,105340.398477529,124323.302305225,232837.732040202,248489.064377377,104711.234047328,121361.234047329,190944.359457197,190944.359457197
11664.939602654,15531.9509294109,32553.9587899601,120081.955534009,11180.9984771571,13061.0624022939,26982.1401051658,95278.1760287966,11043.1700500323,12096.809660339,20388.7717062462,36500.9002743939,106999.402661611,126201.03650341,239081.406348655,274066.819495973,106373.208794159,123259.12762508,195734.614142517,214445.082687563
11588.9315934273,15840.0556185564,33795.1803615597,135378.233888071,11112.3681015663,13173.8462402655,29385.3991232435,125356.03093458,10947.4391693781,12019.7183899916,21180.0580695345,46758.9044584763,106230.85677263,125591.281236138,238673.736583222,284454.337532132,105504.662905178,122281.942125793,194010.00952771,221452.608374011
11790.0787796849,15737.3247379023,28593.1000590326,80110.9891553478,11418.4635559958,13322.4807999384,23991.100566647,69798.2004154197,11245.5346238076,12119.1742341144,19428.1026586879,35533.6454403981,107245.171706618,126354.308073734,238001.022797834,268596.193304464,106626.007276418,123196.926107339,194042.500577593,208272.858516307
11778.130511513,16487.9033816649,38382.7182413138,184756.045937803,11292.8634842083,13711.6380874637,32476.2191822041,159472.532234405,11080.2360672103,12224.3903961428,22409.4121831048,65513.6412563155,107191.492557792,127083.028853121,242261.827345956,309465.663941555,106497.683466651,123844.521128493,199163.035857692,249990.610466053
11548.0989822204,15553.3083605113,34851.2561210678,157082.98461232,11162.9274093452,13214.0695449688,28685.8394565272,118479.971701138,10977.1994872838,11877.1994872838,18570.0446507367,20506.1589335358,106718.303023099,125844.600861823,235352.515519237,252528.207738491,106140.937582772,123240.937582773,195300.734491178,195300.734491178
11592.6553314065,15451.8424151208,31078.6804358981,118172.79197036,11207.998477157,13125.5943648624,27671.1805102367,109183.237861892,11036.7558364699,11936.7558364699,18485.0223561601,20821.3977490783,106355.088953112,125208.120631083,233821.734998795,250414.89316344,105665.966153472,122225.966153473,191736.123959185,191736.123959185
11685.7335418933,15915.8180285031,34335.0075631953,148671.204091885,11199.0989822204,12916.7314498522,25833.7318087892,93874.4296373076,11053.128419472,11908.1284194719,19227.3642764212,35059.4970286512,108937.268386537,127982.012834668,240094.450937809,274848.110909895,108294.003451274,124928.561892502,195723.093865643,214588.816019195
11930.1528060896,16139.6800769616,33021.1420485301,125520.093844496,11520.0157210998,13708.9467453289,28760.4651404221,115154.354744354,11305.559876977,12359.1994872838,21003.3280554321,46116.0424100179,107422.984263967,126586.04747123,239181.740915981,300963.753119864,106791.476688016,123748.75590863,197651.104115588,243069.678575275
11343.8441482245,15650.9997026463,32458.4520805617,124118.303730401,10908.5842635947,12887.1162261632,26652.2831073415,99354.6491168668,10742.1700500323,11642.1700500323,18267.7532368142,20641.8859890454,105017.567091811,123313.487296899,227604.907289545,239996.991007263,104484.218895427,120684.218895428,189135.417465148,189135.417465148
11426.9812332143,15111.5215639469,29102.4529471129,110362.243271466,11038.0350570835,12676.2583617868,24849.2890245268,96108.3632611884,10868.5497757093,11498.5497757092,16379.6119677423,17987.5454429502,106880.896311149,125596.595303575,230590.951371084,242644.798872915,106396.920697767,123046.920697768,193056.491491553,193056.491491553
11484.625894155,15432.8058351944,31658.9314447495,123247.238579766,11023.9568465967,12781.7365004861,26281.5093706374,98741.6012101792,10861.7436431611,11671.7436431611,17923.6800769614,20214.214849446,108638.519395389,126993.76045165,235420.202020998,250143.618126908,108124.08288725,124504.082887251,194320.927492078,194320.927492078
11733.0451583513,15830.8251711782,32265.3355570442,127548.00604035,11324.5720702859,13436.5081451489,26646.9239431375,102692.628555392,11146.2583617869,12199.8979720936,20628.9483297551,54019.7893091246,105528.596888,124151.141551493,233421.022438896,299499.891009823,104954.746166299,121499.304607527,195568.201662058,250424.507868953
11605.6553314066,15690.0404666548,31320.4348366187,125957.597743975,11146.2411178442,13071.5943648624,27328.3966722655,116576.004963539,10959.5842635947,11679.5842635947,17038.397897755,18621.0592950242,107237.257418718,126033.236498308,233227.635211607,244324.733573612,106672.235124141,123322.235124142,193689.066669109,193689.066669109
11408.2238739015,15473.9185335666,34842.7523702622,167000.40300997,10996.3660095252,12993.4421279709,29498.2646379093,138121.660084683,10815.0106704659,11670.0106704659,18972.9937854606,34828.9255275677,106638.450927232,125278.52127717,235401.4515941,264005.221664904,106052.884476778,122567.884476779,193477.038964961,206977.038964963
12015.3802948751,16646.1481143932,35338.7762492654,158126.265058429,11501.1010742615,13479.9345520201,27405.0812306625,113104.464125188,11325.8878708259,12334.5274811327,20699.6640585077,49934.4646328065,106935.904320376,125933.686214985,236171.572511959,289022.342731443,106320.798764679,122936.7175956,195698.267679236,232295.122226085
11476.2898910794,15730.1144930595,35270.3233637353,172196.089301471,11063.4787078974,13230.0817382777,30893.4579977468,153080.535193003,10865.4076400855,11757.6868606991,18928.7830330033,34944.7926266567,106474.175172825,125651.610963091,237396.820351957,271718.614301766,105800.525461251,122416.444292172,193427.010245585,212067.496034575
11510.5914062696,15087.1784181964,27644.9281272194,91320.9408897233,11128.0300064496,12717.7974670302,23596.852516388,81755.1613845101,10967.3020843883,11597.3020843882,16535.643497035,18471.3141290202,106862.431591248,125970.087727624,236712.598272743,252465.420941926,106267.409296672,123097.409296673,194086.557867669,194086.557867669
11633.5640610591,15822.6851275954,30626.6126856169,117509.841610151,11207.3336136809,12862.7528778771,23941.7044635789,87140.418310551,11009.3041764293,11702.9437867361,17901.1430637589,33671.9263941152,107642.474954912,127115.151293823,239111.176767829,268830.120144613,106950.381592524,123772.660813138,195777.883261863,209721.794591172
11934.4757493046,16235.3937136731,32424.2300013474,124646.170829489,11461.1082169364,13375.2776977706,28048.4802923238,114757.732377985,11275.5224304988,12130.5224304988,19337.6779849205,35270.5083554125,105671.915647133,124627.2021591,233319.890553217,264932.144172293,105014.550206806,121349.550206807,189654.434709091,203154.434709093
11629.4177413533,15553.1784181964,32420.5017203478,133273.029560412,11157.2512191119,13055.0380156762,27034.1691834795,108761.873288116,10964.937510613,11684.9375106129,17842.8626176561,20190.3548930287,106385.15828782,125542.179864523,238060.181459525,255698.479667753,105763.650711869,122503.65071187,192806.84387202,192806.84387202
11600.3344802326,16232.9378695503,35276.500853796,149672.193124061,11132.0502089852,13055.3832534678,24969.6170183758,84144.4784105404,10925.7070632347,11647.0502089851,17609.8971055415,19949.9924112944,105166.463628155,124185.801005398,233847.250076358,249102.443236503,104579.683974265,121319.683974266,191269.034780879,191269.034780879
11391.1751006662,15589.9673068019,31673.2092911974,120397.048896398,10981.9690399055,12982.8634842082,27512.8737957363,109917.362753574,10816.9984771571,11855.196528691,20248.1845456427,46090.8321651742,107320.540105538,126614.359805563,240956.283041402,311837.848215355,106712.547248213,123691.664130669,199300.827197276,255291.412773459
11806.998477157,15964.1388796772,33120.0546033273,130536.847019721,11374.064494335,13426.4076400855,29150.1800026228,120565.580141093,11206.8929214598,12207.8117523801,20328.2329599404,36887.3926984432,107470.277621253,126785.310524713,240694.448486831,278635.311561087,106887.012685989,123945.210737524,197737.510171247,221439.87280166
11513.6999205597,15277.4261095174,28207.467232463,91605.8504859298,11084.7760390055,12795.6288527478,24092.5215639467,82088.9237944601,10902.5750288787,11622.5750288787,16891.4647814848,18715.5130471059,108565.609799184,127280.971563045,233383.990043051,246419.013512101,107968.746884174,124168.746884175,191589.901372357,191589.901372357
11306.3731522001,15696.5358492968,36227.8973158021,167953.432447226,10888.319328331,13047.4980438811,27858.1118934039,117646.991037129,10653.2066299588,11373.2066299588,16959.5379413378,18859.4726420348,104607.413988368,123168.797180253,232097.124466802,249795.650522753,104048.752083484,120338.752083485,188871.51710366,188871.51710366
11765.5152878239,16539.3693270554,37759.0180234008,168917.11578013,11263.0350570835,13661.6797180241,32094.6337547039,144417.596159542,11082.3071350222,12379.5863556357,22120.1354134697,51219.7833919383,108743.905545866,128275.394293448,238766.59797539,287409.907238533,108151.226397039,125397.145227961,199888.31890345,236636.818977792
11567.3538162164,16078.8007845605,36014.8015024347,155258.320107786,11103.8979720937,13445.0451583512,30233.1695424173,130113.087717044,10912.9984771571,12101.6380874638,21670.0164389744,51315.2577054973,107586.175024149,127041.498116042,242030.576696042,288889.706797605,106936.508068631,123920.147678939,197345.033406713,229037.3378805
11384.5556928949,15511.9774080697,30780.7636970195,121044.460658987,10954.5678862038,12877.5212050095,26449.304176429,111419.914559745,10762.0826048295,11572.0826048295,18333.2768312187,38203.0652122103,108572.303740974,128181.107063608,241213.440687865,291649.225341376,107937.239815837,125074.519036452,198740.924892423,235158.670924984
11480.3609588913,15234.2789232598,28941.2216331827,88792.4315806683,11067.503094515,12878.0939315865,24621.3958057134,78898.8013537537,10899.6746673903,11709.6746673903,18094.1279118574,20089.8859890454,106117.500715696,125292.750647736,233183.686584498,248978.740567611,105426.578926182,121986.578926183,191365.880451946,191365.880451946
12082.9538880039,17098.0354160209,39794.7337521538,198861.965635282,11574.0960236276,13628.1864274232,30447.651865199,138927.218525912,11388.5813050018,12325.8605256154,20755.6489066062,50185.8279810925,106298.67805708,125746.980946437,234361.143356756,281446.852696788,105750.057782757,123048.697393065,197203.967389535,233425.266812688
11766.2432098852,16057.2271914316,32825.9302192604,129262.291537086,11341.7873657625,13402.1406127807,28219.6363543594,114443.451065328,11163.816803014,12198.816803014,20709.6018664743,45600.9936367815,107964.246958512,126929.451434848,239858.197985593,311435.227792354,107375.626684189,124081.545515111,196393.001010869,251102.867751028
12013.1599487645,16102.4942187364,30883.4083579601,109234.580858972,11592.8584335744,13603.7924163964,26668.5804384497,99507.1129702163,11391.2726471367,12111.2726471367,18264.9551134928,20680.7976772908,105586.06594066,124336.485712472,233614.064366809,251734.657665428,105058.249706844,121618.249706845,190696.901162096,190696.901162096
11735.3508576235,15512.0232227121,29077.0105217886,102154.309647584,11324.576254368,13088.5863556357,25146.2242328385,92853.6672273607,11189.0909729937,12044.0909729937,19017.2292834726,34745.8859890462,104584.085635581,123567.116447,233438.171147996,272736.381911024,103984.879574821,120499.879574822,190252.410830088,212752.41083009
11720.9051147686,15407.0139879961,30386.1892373388,121377.534685393,11322.8512908994,13042.371060159,26646.2818818525,112088.237502961,11141.567019652,11771.5670196519,17033.8352724457,19016.3040277524,107109.811316925,126211.023802487,237782.633986118,254672.172742991,106526.504751101,123356.504751102,194191.420782679,194191.420782679
11680.9244507523,15581.7368594236,32536.3548930279,128962.776818458,11279.3975388178,13296.9345520201,28651.5013614105,119447.021699863,11103.5569183842,12048.5569183842,19861.6922702701,35753.6109525136,104556.776111165,123663.059664538,234448.878508585,274830.359108833,103951.670555467,120665.310165775,192084.448127889,214870.184059181
11922.1599487645,16022.7814485767,32836.7649225088,141778.416069831,11443.7162979506,13339.3487655825,27709.1989796693,122487.874154672,11272.8878708259,12082.8878708259,19564.3836124055,48491.4268273962,106560.744222935,125141.083692218,233415.558016348,275001.564810656,105987.35439599,122277.354395991,191725.310683962,218725.310683965
12118.1792847483,16328.841548569,29712.5740136493,97981.4740777806,11612.9244507524,13231.0716370099,25057.3470324783,87894.5087143433,11425.7823151286,12145.7823151286,17827.0942905237,19727.7152827219,104360.742489831,123264.676980268,230306.480523736,245434.679749743,103845.009517136,120585.009517137,190376.09921363,190376.09921363
11446.0989822204,15005.7326753415,27920.2477529046,100497.289952665,11008.2116805927,12554.3933547356,23801.3996308586,86540.7867094719,10858.5253890916,11488.5253890916,16635.3377977628,18577.4146340836,104980.670914405,124132.091552768,234101.423172076,250265.155288787,104401.423223084,121141.423223085,191317.739182874,191317.739182874
12049.3437149486,16313.143930311,35131.164850721,154205.865130216,11536.5203384577,13362.3660095251,26304.0282733455,99197.561671662,11355.8634842083,12139.503094515,19228.2334675546,35367.575239138,108180.517810962,127466.764784409,239325.517970216,274703.887605194,107538.968604451,124604.887435372,197895.706638354,216543.70714597
11754.7091552757,16243.3054019185,33248.4217767579,120088.467294046,11238.6137008462,13108.9080733614,23936.8243046259,64803.5263172247,11071.2999923472,11971.2999923472,18511.7086476611,20753.917518338,107997.267878923,127089.28022091,236931.329871272,251685.736234852,107350.99075035,123910.990750351,193795.374460422,193795.374460422
11301.3365722737,14879.6220690104,29284.185919809,115526.215926262,10858.6380874639,12317.6481887316,22943.0362825724,76839.210157748,10730.6675247154,11450.6675247154,17008.9572055339,18974.0046046033,106374.958144245,125634.208076285,236870.56342592,252838.920001036,105764.036354732,122686.965286921,193493.847548488,193493.847548488
12159.9122574435,16129.6018664747,31253.8338982791,109322.205317371,11683.6818100652,13587.0350570835,27306.9542469406,99867.0877170415,11520.882820192,12420.882820192,19033.1077093219,21376.5541700519,107789.582095036,126302.025027976,233947.036872923,249839.729958729,107217.447102087,123507.447102088,191013.509094433,191013.509094433
11846.0472503923,16453.509370638,38632.4491219678,183290.336992786,11397.3609588913,13883.1578567234,33064.4395283144,158891.115928801,11189.5619690181,12314.5619690181,20485.5076375343,35882.0281246688,105413.011609177,124907.805697094,234935.134778331,268356.526497626,104806.692850044,121745.332460352,193036.38124416,211339.104982142
11685.9232252631,16109.9256762415,36065.5458018867,153706.743197122,11238.0409742692,13563.0947981383,30495.0051122168,129329.115928801,11043.7688963305,12179.6877272509,21532.6358467461,51184.6513575825,104673.643569194,123994.169763255,235673.835862796,280062.158754998,104103.810091436,121087.449701744,196378.810609624,228094.21053784
11983.7751724537,15556.1826022786,29605.9453711625,115478.210875625,11519.3660095252,13030.1040328543,24367.3630509321,91322.0323087514,11368.4248840283,12043.4248840282,18010.8302218122,33365.3952981027,108429.073652534,127614.215070284,238587.351299297,266168.536091279,107852.252368084,124727.252368085,196201.127635653,209701.127635655
12007.5447250754,16239.273872626,33473.9596565118,142340.17342914,11590.1843353822,13760.6208435211,29417.2465274148,132842.792985589,11377.7701218198,12232.7701218198,19145.8465992027,34621.1366389579,107088.401795059,126334.636575198,237195.432109439,271878.983926174,106495.178490356,123542.45771097,195983.954329675,214409.984633479
11714.8950135008,15630.391621632,32366.5748802009,124284.936198025,11301.5813050018,13167.9467453289,27042.5968158402,99751.3404589975,11131.9955185642,12031.9955185642,18728.5450840125,21108.3805051356,104372.688158347,124112.967527639,238894.32547693,257343.008671729,103708.334911329,120988.33491133,194784.063351579,194784.063351579
11559.880728151,16187.5367158486,35437.8960903122,157831.699474523,11041.253311153,12991.8929214597,26079.122861223,107315.922927905,10843.939602654,11556.2188232675,18138.6203359065,34057.6320216021,104629.956918756,123768.032319328,233479.878718846,262642.555575939,104014.851363058,120548.490973366,189636.726123014,203358.025546165
11445.0817382777,15549.3205538202,31893.1909704423,140523.019966764,11008.1700500323,12869.2806563634,28159.718389991,131209.174444371,10827.1994872838,11592.1994872838,17817.6535983027,33202.9983284799,106774.368025049,125982.024161425,235872.379003445,271787.7616367,106188.718313474,122992.357923782,194213.04141594,217153.137736923
11652.8441482245,15978.7276247075,31651.6947212484,118705.049762954,11191.1578567235,13256.8685348421,27109.0749545397,108487.003230436,10987.9152160364,11887.9152160363,20137.1611742532,49349.0857736802,107129.262110414,126440.325317677,239003.832247912,285774.166466872,106517.127117465,123448.045948387,196779.614501454,229021.144013048
11859.07163701,15914.1632662948,32485.5525856246,112961.255675034,11428.6107422534,13161.9051147686,25665.0577105971,72952.261740898,11288.0543930673,12278.0543930673,20149.529932111,23149.7442123591,108771.887794309,127864.077985294,236393.479000894,248445.167841034,108172.681733548,124822.681733549,194952.522005618,194952.522005618
11783.2806563635,15676.3600923395,31224.7313011744,108823.112821534,11350.5943648625,13229.2979003061,25716.5968158402,84171.752580518,11175.623802114,12075.623802114,18376.2477529046,20287.2909678918,108053.107781482,126389.64407681,229930.655414142,242449.402980108,107454.445876598,123474.445876599,190081.681892798,190081.681892798
11608.5274811327,16381.450496135,40455.9133342549,190182.875231481,11202.6452301388,13645.6919113329,29311.2002051583,119541.796303124,10986.2015793249,12039.8411896316,19949.8133368064,35654.7560467292,105982.813050029,125188.971711721,234407.697762578,263627.927292389,105339.548114765,122090.466945686,192363.20584614,206606.392211981
12302.2108140409,16823.3684605036,39210.8060454539,176032.828909223,11874.1935700982,14341.828129771,33161.0652122091,151083.682738195,11647.6077836605,12629.8870042741,20731.1871452979,37082.4141264681,107172.099413317,125787.530152949,232519.727348506,265611.067335972,106558.207061056,123028.207061057,192331.790407088,210331.79040709
11846.8289963228,15659.9084322989,29803.6064094938,106682.45770039,11376.3020843883,13050.4715652224,24277.4891681019,82377.3371414664,11232.3020843883,11952.3020843883,17274.0446507368,19189.4310114745,105993.935849669,125128.912837218,234453.77734723,249461.206513001,105414.14400247,122334.144002471,193916.934634753,193916.934634753
11692.2684630546,16181.2149981229,38458.0988335427,201507.220110337,11253.6704833082,13424.7486937949,30555.1775516439,147513.104602049,11028.0136290587,11748.0136290587,17353.3743776891,19369.4339700673,105361.094870298,124593.748914632,232982.722805486,248607.785156764,104765.403528163,121415.403528164,191295.697552314,191295.697552314
11644.873585476,15239.6119677426,27513.7649225085,86893.2638329409,11237.6481887316,12855.5375824004,23357.3247379018,77181.0263915639,11053.5060531079,11683.5060531079,16833.9925599711,18829.5496270324,105916.702443697,125016.81947483,233757.815301323,250312.026064347,105316.910596499,122056.9105965,192451.10707418,192451.10707418
11573.8218536479,15673.2129060819,33153.5353416821,146925.918595149,11147.8929214598,13144.1751006662,27760.1186771415,122551.60921941,10993.7507858361,12092.3903961428,21927.7065556201,69231.6442149099,103234.209301773,122367.322507761,237602.68290803,323504.636745027,102708.559590198,119729.47842112,195694.827494629,263898.89524492
11517.7680297787,15888.4778413455,35022.1598000867,152758.054813582,11110.2949417133,13296.434985296,29479.9248096889,128441.245871117,10915.2116805927,11874.691911333,17673.4050404299,19693.9915447427,107032.346238086,125642.786212434,233925.258085585,249128.749802327,106472.596021448,122762.596021449,190990.470781403,190990.470781403
11883.5527343021,16261.6119677425,35002.78007441,162986.321840886,11396.1263274309,13529.932459979,31069.1409717175,153328.302653578,11207.4694731814,12189.748693795,21774.9411870804,64720.0004205172,107951.136352181,127681.144869024,238698.675678262,303751.705869466,107370.214562668,124616.133393589,199820.04927649,254581.010245587
11550.6969619669,16227.9063402577,36558.6379387858,181575.332808707,11000.6137008462,12700.434985296,25679.8587925111,102216.714775105,10853.6137008462,11727.253311153,18586.7330342787,34335.5092219621,106074.792847493,124754.316082961,231219.533839991,256062.856880868,105479.101505358,121724.101505359,190123.169773827,203623.169773829
11860.4736572635,16163.8861377222,33963.8001282688,123603.185473774,11426.691911333,13569.9711319465,29590.9894527011,112848.826099308,11269.2482605191,12605.1498474967,23097.1732188858,53700.1706192342,106416.972788533,125661.466586749,240039.137080634,294291.091932853,105786.636785457,122567.114057606,196110.574455321,233833.850507085
11927.6969619669,16374.0341905316,34769.4390207002,144409.740238532,11445.8319549157,13554.8441482244,28542.7276247067,119156.66008468,11222.3172362899,11942.3172362899,18093.5144212717,20219.3486169056,103836.450716971,122899.691773233,225125.596032024,235656.522759571,103360.131957838,120370.131957839,191131.114724469,191131.114724469
11711.319328331,15559.9357775093,31659.8431329956,115044.238938708,11375.130511513,13344.3264710059,27567.341115293,105300.947673462,11200.8462402655,12167.757928511,20092.0934239721,36312.322497183,105636.994006297,125080.497039229,229744.846892199,263615.457101332,105121.846820039,122304.126040654,194758.069268765,217693.212270941
11698.1427048218,15716.0383746137,32898.3982566916,129157.019459145,11261.8046097052,13109.1700500323,24249.1683169281,74490.1789873912,11091.1183182042,11901.1183182042,18355.6678836525,20701.0352673441,107442.19017605,126305.662546242,236301.106207631,252783.968774271,106851.268386537,123321.268386538,192316.28910726,192316.28910726
11762.6645661225,15806.7541033663,34286.4675914002,143750.372706165,11322.6990540079,13424.378202834,28782.359225787,119181.345509632,11134.2848404456,11944.2848404455,18191.5421254197,20431.7509960966,107868.936208606,126935.16384607,236206.130086634,251577.310694532,107223.286497032,123783.286497033,193504.324461698,193504.324461698
11913.882820192,15948.0455172887,33003.556262092,134438.90171014,11508.7772644947,13604.4635559957,29297.4877939356,124702.636923554,11361.0493424334,12541.9681733537,21987.0340418544,56277.4932035048,105021.208794159,124081.844727999,235207.264213032,313452.893460799,104454.103238462,121234.58051061,196246.746176873,260827.536947265
12184.0665863761,16052.7591540001,32040.9222100336,123839.691465299,11756.4929932473,13633.9711319465,28131.1367876355,114322.632739474,11577.9366440612,12297.9366440611,18402.3642764213,20760.6017177979,106098.593062856,125325.538521113,237800.46465396,256409.115093978,105530.55857497,122540.558574971,194245.184925729,194245.184925729
11373.253311153,15465.7966004784,32765.002153624,141207.711308895,10918.9101654025,12576.8319549156,23520.2717805846,81643.1420485285,10745.880728151,11377.2238739015,16471.4475375422,18334.9516472859,107484.371850193,126669.030945162,237247.049066232,252675.805210623,106805.290681114,123545.805399741,194069.354257887,194069.354257887
11691.8218536479,15928.4210588835,34466.9819510887,148817.218377235,11290.816803014,13290.4126907194,27547.0972491164,109296.298828439,11082.946745329,11892.946745329,18103.4862095096,20772.662684342,107142.831878398,126309.811824541,237525.607507459,253720.342223825,106521.726322701,123261.726322702,193819.736583219,193819.736583219
11224.2806563634,14972.4118241675,29311.9647071461,115894.132665137,10857.7070632346,12536.9446532878,25369.9479708177,106277.559220685,10684.3933547357,11378.0329650424,17358.0038867281,33054.8002769449,105642.468171175,124620.102012974,234293.390478879,268114.812501976,105038.575818913,121744.494649834,193474.445528234,212196.387161347
11815.3142776971,16098.8201205443,32123.8145622961,127315.550196233,11297.6797180242,12849.8025176642,22673.2810153009,67361.2955109148,11150.3365722737,11870.3365722737,17255.8608845526,19184.2766825419,107752.792339879,127098.598621105,234994.233401614,247004.505577213,107119.485774055,124039.757851995,194744.211255711,194744.211255711
11453.8958800526,15688.5783464089,33480.6997718821,150873.179346325,10956.1435713736,12523.5922728214,24730.0484758812,96170.6647763786,10812.1435713736,11595.7831816804,17887.2557621314,33214.1800026219,106684.689383837,125602.886717497,231685.894798883,256857.105797677,106098.537146945,122669.455977867,193177.484200202,207406.604548863
