id,latitude,longitude,count
0,9.8068333,-10.8632667,1
1,9.9127167,-10.7981333,1
2,10.0597667,-10.58615,1
3,10.2168333,-10.6887667,1
4,10.1431667,-10.60505,1
5,9.8408333,-11.04,1
6,9.9422667,-10.8930333,1
7,10.0578167,-10.7383667,1
8,9.9768167,-0.81955,1
9,10.0567833,-10.6658333,1
10,10.0004,-10.9727778,1
11,9.95445,-10.7318833,1
12,7.5438889,4.5131111,1
13,7.6906389,4.6193889,1
14,7.7013056,4.6553889,1
15,6.7729722,6.0923611,1
16,6.7414167,6.1048889,1
17,7.6409722,8.4065556,1
18,8.8242222,10.9208889,1
19,7.0918889,11.0910833,1
20,8.02,-11.58,1
21,8.05,-11.11,1
22,8.21,-11.09,1
23,8.18,-11.08,1
24,8.04,-11.06,1
25,7.82,-10.95,1
26,8.17,-11.23,1
27,8.28,-11.01,1
28,7.69,-5.62737,1
29,8,-10.95,1
30,8.025266,-11.757479,1
31,8.26,-11.02,1
33,9.45997,-5.62737,1
34,7.6792468,-5.0288473,1
35,5.8718574,-7.4563475,1
36,11.033333,-5.983333,1
37,10.583333,-7.15,1
38,12.8058333,-7.9833333,1
39,15.0236111,-2.8486111,1
41,14.3808333,-3.5683333,1
45,14.0155556,-4.2311111,1
46,14.3552778,-3.6572222,1
48,14.4002778,-3.6005556,1
49,10.8894444,-7.3877778,1
50,13.2008333,-9.4538889,1
51,13.3825,-4.9166667,1
53,12.805,-7.9802778,1
55,12.6980556,-8.6980556,1
56,12.1122222,-8.3322222,1
57,12.0913889,-8.335,1
58,11.0719444,-6.0269444,1
59,10.9936111,-7.4372222,1
60,10.9175,-7.4058333,1
61,10.8855556,-7.3822222,1
62,10.5891667,-7.1558333,1
65,10.6163889,-7.1583333,1
67,10.5238889,-7.2480556,1
69,10.3830556,-7.1516667,1
70,10.3972222,-7.2591667,1
71,10.6916667,-7.3647222,1
72,9.835733,8.918184,1
73,9.149141,9.798536,1
75,9.927603,8.901787,1
78,9.849674,8.683458,1
80,9.735649,8.805924,1
86,10.61285,12.19458,1
89,7.6833333,4.6166667,1
91,7.6333333,8.4,1
96,6.1283333,4.8925,1
98,6.7941667,7.2958333,1
99,5.8091667,5.4980556,1
100,7.0711111,3.1283333,1
102,6.1841667,6.07,1
103,8.1713889,2.6102778,1
104,6.7458333,3.3683333,1
105,6.78,-7.3,1
106,7.7144444,-9.2683333,1
107,8.0869444,-8.9138889,1
108,8.4936111,-10.4447222,1
110,10.0505024,-10.587824,1
114,10.0005556,-10.9727778,1
116,10.174464,-11.228871,1
117,11.414086,-12.314101,1
118,11.422052,-12.357379,1
119,11.932493,-12.08329,1
120,9.886289,-9.040097,1
121,9.313825,-13.006225,1
122,8.6136111,-9.4741667,1
123,9.419531,-10.504874,1
142,10.049722,-12.854167,1
147,9.8666667,-12.4333333,1
148,9.889773,-12.462182,1
151,9.716666,-10.883247,1
152,8.764354,10.107727,1
153,9,-9.95,1
154,8.554178,-10.143499,1
155,8.548081,-9.987993,1
156,8.543642,-9.954843,1
157,8.491514,-10.592433,1
158,8.482696,-10.40777,1
159,8.516618,-10.333321,1
160,7.7162461,-9.269558,1
161,7.667356,-9.293223,1
162,7.643482,-9.269884,1
163,7.648638,-8.506151,1
164,7.596216,-8.500757,1
166,9.895558,8.858098,1
167,8.663256,-11.059101,1
204,0.1443,34.3468,1
211,9.6452778,-8.9455556,1
212,11.0836111,-12.2975,1
217,10.4958333,-9.01777783,1
220,12.2994444,-8.7747222,1
222,11.5116667,-9.01,1
224,6.14163,6.74969,1
225,6.07736,6.73956,1
226,6.17366,6.59218,1
227,6.23966,6.64505,1
228,6.22307,6.4979,1
229,6.23039,6.60725,1
230,-6.848962784,37.64169836,1
231,-6.844144313,37.65331457,1
232,-6.174831826,37.13363199,1
233,-6.611110724,37.59784192,1
234,-6.449211583,37.53447237,1
235,-6.29191771,37.18823567,1
236,-6.384183923,37.35332313,1
237,-6.643709966,38.3313202,1
238,-6.667393612,38.37955415,1
239,-6.776719915,37.84445813,1
240,-6.631908473,38.17921414,1
241,-6.661429477,38.03418683,1
242,10.79747,35.16738,1
243,-5.74065,34.40967,1
244,-3.6375,33.41723,1
246,10.2581667,-2.626,1
247,9.547,-1.6325,1
248,10.395,-0.366,1
249,8.3471667,-0.3458333,1
250,7.1226667,-2.3276667,1
252,6.4495,-0.8518333,1
253,10.6193333,-1.4218333,1
254,7.9685,-1.6631667,1
255,7.6741667,-0.633,1
256,6.176,-1.792666,1
265,13.54401,2.1357,1
266,13.53742,2.11331,1
267,13.50222,2.11235,1
268,13.53571,2.07399,1
269,13.51204,2.09884,1
270,13.54624,2.09594,1
271,13.49392,2.12501,1
272,13.49792,2.12705,1
273,13.4897,2.10232,1
274,13.47908,2.11402,1
275,13.48473,2.12775,1
276,13.49397,2.1117,1
277,13.49366,2.0965,1
278,13.49143,2.08843,1
279,13.49316,2.09262,1
280,13.48022,2.09984,1
281,13.58922,2.10928,1
282,13.55207,2.05424,1
283,13.56106,2.04155,1
284,13.50696,2.07653,1
285,13.51396,2.10997,1
286,13.48536,2.10164,1
287,13.54157,2.0895,1
288,13.52893,2.17587,1
289,13.52081,2.15193,1
290,13.52358,2.14766,1
291,13.49539,2.07916,1
292,13.58936,2.10137,1
293,13.5182,2.14351,1
294,13.5274,2.08175,1
295,13.52891,2.08186,1
296,13.53435,2.08208,1
297,12.5386111,-12.3102778,1
298,12.7669444,-12.24,1
299,12.8238889,-11.8725,1
300,13.2627778,-12.1033333,1
301,12.7077778,-11.9677778,1
302,12.5530556,-12.2030556,1
303,12.5563889,-12.1713889,1
304,12.8566667,-12.3511111,1
305,12.5180556,-12.4336111,1
306,12.6336111,-12.2430556,1
307,12.9138889,-12.3425,1
308,13.165,-12.1144444,1
309,12.4102778,-12.2827778,1
310,10.05,-10.5666667,1
312,7.9969444,1.9833333,1
313,10.8705556,2.1525,1
314,12.3019444,-8.7736111,1
315,12.6083,-12.123,1
316,12.8,-12.3,1
2274899087,-30.100016,30.821263,1
2251246353,8.3,-9.233,1
2251246348,4.033,17.333,1
2251246342,8.35,-9.217,1
2251246335,3.75,17.517,1
2251246310,-2.9,15.65,1
2251246307,3.95,16.967,1
2243135430,-3.256,39.9745,1
2236094909,8.25,34.58,1
2235856267,9.03,36.15,1
2005257122,-29.664399,30.401316,1
2005257121,-29.666299,30.39965,1
1990801042,0.828117,31.704289,1
1990800770,-13.0667,33.9333,1
1990799011,0.862014,31.687078,1
1990798928,0.853919,31.676642,1
1990798879,-14.50872,35.23344,1
1990798463,0.802675,31.693797,1
1990798459,-12.8333,34.15,1
1987356697,-17.98333,30.7,1
1987354957,1.56667,30.25,1
1987341482,-17.81778,30.64741,1
1987328412,0.5,29.46667,1
1987290925,-17.81667,30.76667,1
1987261998,31.51306,-9.76972,1
1978557024,-27.96,29.93,1
1978557015,-29.47,30.4,1
1978557014,-25.63,28.17,1
1978557013,-30.27,30.59,1
1978556904,-28.56,31.24,1
1978556884,-27.75,30.8,1
1978556883,-25.47,27.33,1
1978556873,-26.09,25.35,1
1978556774,-32.79,26.85,1
1978556686,-33.01,27.7,1
1932240740,-9.933916,33.932147,1
1932240737,-9.705107,33.258153,1
1932240611,-15.05,35.25,1
1932240519,-15.901072,34.7348,1
1932240367,-15.792769,35.000093,1
1932240362,-15.799754,35.014792,1
1932240325,-9.667775,33.550067,1
1932240307,-15.340833,35.266667,1
1932240303,-10.08,33.27,1
1932240232,-15.888534,34.958181,1
1932240011,-15.842392,35.024297,1
1932240005,-15.971005,34.467104,1
1932239953,-13.230503,34.285626,1
1932239941,-16.016667,34.766667,1
1932239864,-15.816667,34.6,1
1932239861,-16.927072,35.235086,1
1932239812,-15.416655,35.466689,1
1932239786,-16.066667,35.05,1
1932239654,-16.219134,35.232345,1
1919853427,9.45,10.3,1
1919853407,7.26,3.32,1
1919853400,8,3.12,1
1919853396,9.15,3.5,1
1919853382,7.5,6.05,1
1919853374,11.51,13.09,1
1919853372,6.29,3.15,1
1919853370,9.54,4.25,1
1919853366,7.39,4.06,1
1919853363,7.33,3.58,1
1919853359,8.09,5.06,1
1919853332,7.41,3.07,1
1919853316,7.23,3.54,1
1919853310,7.26,3.17,1
1919853239,7.23,3.53,1
1919853215,8.14,5.31,1
1919853089,-13.066667,33.933333,1
1919853060,-16.08,35.07,1
1919853042,-13.05,33.15,1
1919853017,-16.216667,34.766667,1
1919853007,-15.033333,35.25,1
1919852983,-15.383333,35.316667,1
1919852962,-13.383333,34,1
1919852947,-12.116667,33.733333,1
1919782530,12.5833,23.6667,1
1919711388,-28.783333,29.633333,1
1919711238,-15.916667,25.95,1
1919711205,-15.883333,25.966667,1
1919711188,-12.766667,32.083333,1
1919711184,-13.35,31.683333,1
1919711156,-15,22.616667,1
1919711121,-13.166667,32.766667,1
1919710965,-2.3,34.833333,1
1919710934,-7.116667,31.133333,1
1919710930,-3.666667,36,1
1919710918,-2.516667,33,1
1919710913,-2.5,34.833333,1
1919710911,-3.976833,37.794167,1
1919710901,-3.333333,35.85,1
1919710890,-3.55,35.316667,1
1919710875,-3.216667,36.883333,1
1919710871,-3.894,37.777833,1
1919710866,-3.987167,37.811,1
1919710861,-4.006667,37.820167,1
1919710828,-2.116667,34.166667,1
1919710694,-4.083333,37.666667,1
1919710500,-4.2,30.45,1
1919710480,-3.33,40,1
1919710450,-3.333333,40,1
1919710421,1.966667,36.1,1
1919710387,-0.183333,29.9,1
1919710377,-0.116667,29.95,1
1919710308,-0.133333,29.9,1
1919710301,-28.8833,31.4667,1
1919710284,-0.1,29.933333,1
1919709903,3.716667,33.6,1
1919709886,3.8,33.666667,1
1919709850,2.783333,33.3,1
1919709847,2.933333,33.366667,1
1919709846,3.733333,33.716667,1
1919709843,2.833333,33.333333,1
1919709800,2.85,33.35,1
1919709791,-0.6,30.45,1
1919709760,-0.18,29.9,1
1919709741,3.966667,33.75,1
1919709633,8.15,20.333333,1
1919709626,1.75,34.516667,1
1919709599,2.62,34.73,1
1919709590,3,32.25,1
1919709588,8.116667,-12.083333,1
1919709585,-7.083333,31.05,1
1919709572,-6.65,31.066667,1
1919709544,-7.1,31.15,1
1919709519,-7.083333,31.066667,1
1919691658,-8.333333,38.916667,1
1836956386,0.802561,24.487503,1
1835721287,1.8137,31.4256,1
1835721259,1.8101,31.4256,1
1835721258,-0.3361,30.0848,1
1835721250,1.9838,31.7145,1
1835721237,1.8128,31.4238,1
1835721232,1.8128,31.4256,1
1835721231,-0.5755,29.8346,1
1835721227,1.811,31.4247,1
1835721207,1.8137,31.4265,1
1835721202,0.7753,29.9894,1
1835720878,1.9838,31.719,1
1835720864,1.9622,31.7046,1
1805744415,-7.89013,31.6786,1
1805744258,-10.97903,39.44958,1
1805744223,-10.83886,39.18086,1
1805744222,-11.00764,39.39836,1
1805744213,-10.61928,39.02078,1
1805743635,-1.569362,29.633897,1
1805737160,-5.2537,28.88626,1
1805736963,1.352533,30.837904,1
1805736962,1.472019,30.955416,1
1805736948,2.035338,31.515327,1
1805736944,1.886645,31.434562,1
1805736941,1.829568,31.412691,1
1805736940,1.970848,31.450224,1
1805736925,2.076738,31.435912,1
1805736918,1.414888,30.978636,1
1805736897,1.408671,30.89062,1
1805736893,1.880648,31.474871,1
1805736859,2.054804,31.598211,1
1805736528,1.832713,31.462023,1
1805736482,2.287563,31.578881,1
1805736478,2.448863,31.515701,1
1805736454,2.447273,31.867616,1
1805736453,2.371684,31.687985,1
1805736446,2.283448,31.957671,1
1805736400,2.094503,31.867891,1
1805736337,2.309213,32.050556,1
1805734392,-7.79972,35.765831,1
1805734225,-7.75111,34.55189,1
1805734151,-8.03658,34.50236,1
1805733930,-7.7978,35.7567,1
1805730206,-2.23903,28.81408,1
1805727126,3.81083,34.02931,1
1805726381,-18.4838,34.04318,1
1805726265,-18.478,34.076,1
1805726245,-18.48311,34.04464,1
1805726244,-18.46411,34.05308,1
1805724103,0.445128,32.888758,1
1805723713,0.4373,32.953975,1
1702679644,-15.55,28.266667,1
1702675319,-4.65,39.38333,1
1702675305,-1.23333,37.4,1
1702675292,-3.21667,40.11667,1
1702675263,0.46667,35.98333,1
1702675247,-4.53333,39.36667,1
1702674950,-3.483333,38.3,1
1702674928,-1.18333,36.91667,1
1700659125,-2.23954,28.81128,1
1502685683,0.6,25.217,1
1456403472,12.805,-7.98032,1
1456401906,15.0237,-2.84861,1
1456359815,11.072,-6.02704,1
1456249892,13.3824,-4.91672,1
1456153151,14.3552,-3.65728,1
1455548611,-13.38138,34.00298,1
1438012963,6.3561,2.089,1
1438012952,6.8192,1.6358,1
1438012938,6.631389,2.389722,1
1438012892,6.575,2.3918,1
1437080166,-0.625609,30.978695,1
1436990370,-21,25,1
1436990115,-1.1,29.5,1
1436990089,-26.2,28.083333,1
1436989765,7.583333,-8.533333,1
1436989399,-5.933333,25.533333,1
1436988722,8.3,-9.566667,1
1436988708,-4.3,15.3,1
1436988519,-8.65,26.516667,1
1436988243,-11.566667,27.416667,1
1436988089,0.5,25.2,1
1436987977,3.683333,29.133333,1
1436987162,-2.266667,34.85,1
1436986797,-20.15,22.45,1
1436985086,-2.6,29.733333,1
1436984144,-1.516667,30.433333,1
1436981975,-0.133333,29.6,1
1436981407,19.166667,30.483333,1
1436980660,-11.666667,27.466667,1
1436979673,6.316667,-10.8,1
1436978018,-8.933333,27.2,1
1436976671,-9.083333,27.2,1
1436976119,-18.616667,24.666667,1
1436975497,-21.333333,24.133333,1
1436974530,-1.933333,30.7,1
1436969541,7.483333,-8.616667,1
1436967446,-18.3,21.8,1
1436967024,-1.5,30.266667,1
1436966380,1.75,30.6,1
1436965505,-25.1,30.45,1
1436962247,4.166667,29.333333,1
1436960542,-2.466667,29.816667,1
1436957039,-21,24,1
1436956753,-2.483333,29.766667,1
1436956712,-0.166667,37.316667,1
1436952823,-32.566667,27.416667,1
1436951079,-29.85,31.016667,1
1436949504,2,30.583333,1
1436941129,-7.416667,31.983333,1
1436937172,2.666667,29.833333,1
1436936933,-1.916667,30.333333,1
1436936859,-1.55,30.25,1
1413786064,-19.3778,15.48001,1
1413786054,-17.59426,23.65211,1
1413786051,-17.62381,23.51137,1
1322971453,7.9,-10.87,1
1322969709,8.12,-11.02,1
1322959569,8.22,-11.05,1
1322959012,8.22,-11.03,1
1322955003,8.23,-11.05,1
1322944310,7.62,36.77,1
1322936543,8.02,-11.03,1
1322934870,7.6,36.77,1
1322921354,7.82,-10.93,1
1322914879,7.83,-10.93,1
1322905442,7.75,36.73,1
1322893815,-17.88,30.7,1
1322880523,3.03,19.35,1
1322855079,7.65,36.8,1
1322845598,7.92,-10.88,1
1322817910,7.58,34.4,1
1322808253,4.73,35.97,1
1322803211,9.12,-11.92,1
1322763726,9.4,-11.77,1
1322762105,8.45,39.1,1
1322750558,-19.08,22.95,1
1322727187,7.58,36.8,1
1322697798,2.58,21.85,1
1322686272,8.28,36.9,1
1322652269,7.72,34.1,1
1322651419,8.2,-11.05,1
1322631552,12.48,2.42,1
1322547328,7.73,37.07,1
1322518319,7.98,-10.95,1
1322478146,7.73,36.97,1
1322395423,-19.08,23.1,1
1322364114,9.12,-11.9,1
1322363611,7.83,-10.95,1
1322363460,9.5,-12.23,1
1322237741,7.67,36.87,1
1322172605,7.82,-10.92,1
1322078219,7.82,-12.02,1
1322004257,7.6,38.67,1
1321903998,8.52,34.7,1
1321855261,9.07,-12.42,1
1321852043,7.92,-10.87,1
1321813231,8.12,-11,1
1321778101,30.7,-8.3,1
1321737872,6.45,38.18,1
1321545696,6.7,38.25,1
1321542445,9.4,-11.73,1
1321236053,9.27,40.15,1
1320795925,8.38,33.78,1
1320538559,7.83,-12,1
1320534241,8.22,34.37,1
1319523973,7.78,-12,1
1319305233,9.13,37.07,1
1319148759,9.05,38.52,1
1318995441,9.18,-11.93,1
1318590558,7.52,36.67,1
1317938287,9.85,-11.32,1
1317725355,11.9,37.62,1
1300176346,-25.65,33.8167,1
1262414502,9.016667,38.083333,1
1262399479,-8.686987,29.503617,1
1212529363,4,17.083,1
1212529350,-2.408,10.5,1
1212529343,1,25,1
1212529332,3.967,16.75,1
1212529319,-0.136,11.7,1
1212529311,3.717,17.55,1
1212529285,0.4,14.733,1
1211830867,-25.75,28.2,1
1211829342,-20.35,31,1
1211829222,-20.166667,28.716667,1
1211824333,-17.716667,31.083333,1
1211819667,11.616667,-1.3,1
1211819427,11.016667,7.733333,1
1211817089,9.016667,40.166667,1
1211816742,8.5,-13.283333,1
1211816501,8.316667,-12.216667,1
1211815891,7.383333,3.933333,1
1211814049,6.283333,8.066667,1
1211809775,4.916667,-1.75,1
1211805299,-3.966667,39.6,1
1211799776,-2.9,37.65,1
1211794837,-2.666667,37.283333,1
1211791405,-1.816667,37.15,1
1211790768,-1.666667,37.283333,1
1211789830,1.466667,35.016667,1
1211789659,-1.466667,36.983333,1
1211789448,-1.283333,36.833333,1
1211789319,1.2,35.133333,1
1211786596,-0.716667,37.166667,1
1211784712,0.266667,36.533333,1
1211784585,-0.25,34.75,1
1211784332,0.216667,34.9,1
1211778042,-1.41667,36.88333,1
1211778039,-2.5,37,1
1145799951,-15.34216,35.27854,1
1145799931,-15.93748,35.50375,1
1145799914,-15.35912,35.30298,1
1145766660,0.400083,36.872336,1
1145761267,0.335689,36.898314,1
1145725766,13.51667,2.11667,1
1145725748,14.76667,5.76667,1
1145720530,-17.396,15.893,1
1145720514,-22.5067,17.3769,1
1145720443,12.466667,2.433333,1
1145720403,5.65,-0.183333,1
1145686090,-26.1,27.766667,1
1145686075,-23.983333,30.533333,1
1145686054,-29.033333,29.416667,1
1145685734,-13.13333,28.3253,1
1145685717,-30.783333,28.583333,1
1145685705,-13.13333,28.4,1
1145685667,-24.416667,25.533333,1
1145685656,-33.966667,25.583333,1
1145685015,-23.733333,31.066667,1
1145684995,-33.8,25.466667,1
1145684984,-33.816667,25.533333,1
1145391478,10.759761,-10.389608,1
1145391450,7.616683,-9.271383,1
1145391445,8.56,-9.982517,1
1145391429,8.482017,-10.408,1
1145391420,8.513233,-10.3267,1
1145391383,7.557529,-9.082623,1
1145391376,9.924667,-12.44715,1
1145391374,7.706267,-9.265833,1
1145391347,8.488183,-10.593433,1
1145391136,10.090133,-12.844267,1
1145391134,7.596483,-8.49885,1
1145391027,9.976883,-12.338717,1
1145391002,9.12077,-10.09453,1
1145391001,9.21095,-10.070017,1
1145390994,8.542033,-9.95485,1
1145390993,9.84047,-11.03857,1
1145390975,9.725367,-10.8778,1
1145390969,9.840767,-11.037667,1
1145390967,10.080083,-12.827967,1
1145390958,8.566667,-10.029517,1
1145390953,10.0985,-12.831917,1
1145390952,9.841133,-11.037717,1
1145390950,10.075283,-12.828617,1
1145390945,9.841333,-11.0381,1
1145390940,10.09905,-12.832817,1
1145390934,10.03347,-12.85393,1
1145390931,9.840867,-11.038317,1
1145390930,9.84045,-11.03817,1
1145390915,9.841317,-11.038017,1
1145390901,9.840917,-11.0384,1
1145390895,9.84195,-11.039483,1
1145390894,10.078667,-12.829783,1
1145390888,9.840917,-11.039233,1
1145390887,10.03373,-12.852883,1
1145390875,9.874617,-12.433333,1
1145390870,9.841117,-11.037467,1
1145390869,9.874617,-12.446717,1
1145390867,9.841317,-11.038717,1
1145390861,9.878167,-12.446333,1
1145390860,9.841317,-11.03875,1
1145390846,9.875017,-12.44755,1
1145390838,10.03705,-12.85493,1
1145390829,10.0493,-12.839283,1
1145390820,9.839769,-11.038866,1
1145390817,10.09,-12.84135,1
1145390815,10.0782,-12.829083,1
1145390812,8.567133,-10.030083,1
1145390788,9.84063,-11.03823,1
1145390787,9.875017,-12.447533,1
1145390742,9.84063,-11.03917,1
1145390737,9.84157,-11.038917,1
1145390703,9.8361,-11.039483,1
1145390695,9.725817,-10.876883,1
1145390682,9.8407,-11.038767,1
1145390661,10.089517,-12.83915,1
1145390634,9.87605,-12.4422,1
1145390626,9.876383,-12.4423,1
1145390619,9.725367,-10.8775,1
1145390612,9.877717,-12.44695,1
1145390602,9.725817,-10.8778,1
1145390596,10.032683,-12.85297,1
1145390592,9.877317,-12.4464,1
1145390578,9.83875,-11.037517,1
1145390576,9.725817,-10.8775,1
1145390575,10.037067,-12.8741,1
1145390572,9.8407,-11.039367,1
1145390566,10.03365,-12.8517,1
1145390537,9.841783,-11.037183,1
1145390527,10.078717,-12.816667,1
1145390518,9.87705,-12.442483,1
1145390516,10.074367,-12.8267,1
1145390501,10.0782,-12.828983,1
1145390463,9.841567,-11.038917,1
1145389896,9.876333,-12.441917,1
1145330264,-33.29761,24.36835,1
1145329777,-23.38333,29.33333,1
1145321559,-15.55,28.28333,1
1145303037,-5.189117,19.111517,1
1145303010,-5.1759,19.1,1
1145302964,-5.05785,18.9092,1
1145302953,-4.99385,18.7745,1
1145302943,-5.151933,18.780467,1
1145302939,-5.038611,18.818056,1
1143377775,-23.99484,30.52568,1
1098629056,3.721,31.2002,1
1098629052,3.658,31.7852,1
1098629044,3.604,31.3262,1
1098629034,2.2583,31.566,1
1098629032,3.5771,31.1012,1
1098629024,-0.5084,29.8099,1
1098629021,1.9303,31.7492,1
1098629019,1.9784,31.4679,1
1098629018,1.9856,31.4778,1
1098629017,1.9483,31.7222,1
1098629016,2.2452,31.6952,1
1098629008,1.8943,31.9291,1
1098629005,0.8103,30.0353,1
1098629003,0.6524,30.2913,1
1098628999,-0.0855,29.9719,1
1098628998,0.912,30.3404,1
1098628989,3.73,31.8571,1
1098628988,1.8763,31.7042,1
1098628986,3.613,31.8661,1
1098628962,0.8594,30.0754,1
1065428206,-22.2333,17.7833,1
1065427699,-21.44,15.61,1
1065427651,-12.75,32.0833,1
1065427250,-21.72,19.57,1
1065426862,-19.71667,17.28333,1
1065426285,-18.1167,21.6333,1
1065425883,-21.23,16.57,1
1065425806,-21.56,16.19,1
1065425688,-20.42,16.84,1
1065425676,-21.26,18.96,1
1065425400,-19.01,14.25,1
1065425384,-19.72,16.51,1
1065425351,-20.61,16.22,1
1065424791,-20.99,16.82,1
1065424672,-18.6,18.93,1
1065423623,-20.91,17.71,1
1065423543,-21.93,18.56,1
1065422268,-22.57,18.15319,1
1065422262,-20.27026,17.11041,1
1065420273,0.8,30.15,1
1065419087,-19.7167,18.4333,1
1065417711,-1,29.66667,1
1065417656,-18,21.5833,1
1065417088,1.75,31.58333,1
1065416687,-20.97,15.3,1
1065416178,-18.81667,18.05,1
1065415979,-1.4,37.68333,1
1065414390,-1.63333,37.33333,1
1065414266,-22.4167,17.7833,1
1065412256,-21.8667,18.1167,1
1065412042,-22.98,18.35,1
1065411635,-20.65,18.85,1
1065408254,-21.6833,13.8333,1
1065405977,-17.5833,18.5833,1
1065405716,-1.66667,37.28333,1
1065398263,-20.65,19.85,1
1065397205,2.13333,36.85,1
1065396276,-17.7,18.6667,1
1065395449,-3.48333,39.83333,1
1065389789,0.5,30.41667,1
1065387706,-19.19,17.69,1
1065384138,-22.67,14.61,1
1065373781,-23,17.68333,1
1065369346,-18.5333,20.8333,1
1065368806,-19.8,18.45,1
1065353240,-20.9167,18.9667,1
1065347490,-1.28333,36.81667,1
1064380882,11.36,-12.68,1
1064380878,11.43,-12.36,1
1064380860,11.42,-13.35,1
1064380820,8.49,-10.44,1
1064380811,10.06,-10.58,1
1064380787,10,-10.97,1
1064380723,11.51,-9.01,1
1064380698,9.63,-8.94,1
1064380661,8.08,-8.91,1
1064380067,9.84,-11.04,1
1064379921,6.961,2.099,1
1064379866,6.976,2.124,1
1064379829,8.8,2.25,1
1064379816,9.017,2.05,1
1064379626,9.083,2.083,1
1064379342,5.86,10.2,1
1064379116,8.983,1.964,1
1044050232,12.533,-12.233,1
1044050229,12.539,-12.506,1
1044050225,14.703,-14.006,1
1044050222,12.703,-12.183,1
1044050190,12.517,-12.383,1
1044050174,14.997,-12.5,1
1044050172,13.922,-12.217,1
1044050162,12.983,-13.717,1
1044050161,12.467,-12.65,1
1044050145,13.269,-12.286,1
1044050127,13.35,-12.417,1
1044050117,13.289,-12.656,1
1044044835,-6.281,37.183,1
1044044822,-6.742,37.181,1
1043986350,6.22,10.53,1
1043985813,7.944,-9.106,1
1043985811,7.944,-9.105,1
1043985806,7.807,-9.174,1
1043985804,7.786,-9.191,1
1043984601,7.934,-9.125,1
1043984600,8.996,-8.908,1
1043984599,7.64,-9.23,1
1043984053,10.52,-8.982,1
1043984049,8.61,-9.47,1
1043984025,11.08,-12.29,1
1043981735,-8.578,38.733,1
1043981124,-8.469,38.658,1
1043981123,-8.461,38.664,1
1043981118,-8.578,38.728,1
1043979987,12.45,-10.25,1
1043979985,12.55,-8.867,1
1043979984,15.017,-7.667,1
1043979982,12.483,-10.267,1
1043979981,12.967,-8.133,1
1043979980,12.65,-8,1
1043979979,13.075,-9.619,1
1043979978,15.106,-8.892,1
1043979976,12.3,-8.133,1
1043979975,15.05,-2.783,1
1043979973,12.317,-8.133,1
1043979961,12.925,-10.117,1
1043979953,12.95,-8.167,1
1043979950,15.139,-8.364,1
1043979944,12.55,-8.05,1
1043979095,12.833,14.75,1
1043979083,13.592,16.817,1
1042797655,6.55,2.6666,1
1042797629,6.5666,2.5833,1
1042797604,6.4833,2.5333,1
1042797580,6.7,2.4666,1
1042797566,6.5,2.4,1
1042797554,6.5333,2.6166,1
1042797541,6.3666,2.0833,1
1042797531,6.6333,1.7166,1
1042797516,6.4617,2.0208,1
1042797507,6.45,1.9333,1
1042797491,6.65,2.15,1
1042797481,6.2833,1.8333,1
1042797466,6.45,2.35,1
1042797454,6.8166,1.7833,1
1042797443,6.85,2.0833,1
1042797431,6.4,1.8833,1
1042797423,10.6166,1.2666,1
1042797407,6.5833,1.9833,1
1042797387,10.2333,1.9833,1
1042797381,6.5833,1.6666,1
1042797362,10.3166,1.3666,1
1042797356,6.35,2.4333,1
1042797337,10.6833,1.05,1
1042797331,6.8333,1.8166,1
1042797314,10.3666,1.6833,1
1042797309,6.9166,1.8833,1
1042797293,10.45,1.45,1
1042797289,6.9,1.8833,1
1042797277,10.8333,2.1,1
1042797273,6.9,1.7166,1
1042797260,10.4166,0.8,1
1042797257,6.9333,1.6833,1
1042797242,10.1833,1.1,1
1042797240,9.6666,1.3833,1
1042797225,10.9333,3.7,1
1042797223,9.7,1.6666,1
1042797212,7.0833,2.1,1
1042797208,11.8666,3.3833,1
1042797206,9.8333,1.55,1
1042797197,7.2666,2.35,1
1042797193,12.0666,3.1833,1
1042797191,9.0166,1.6666,1
1042797178,11.1333,2.9333,1
1042797176,8.0333,2.4833,1
1042797165,7.0833,2.4833,1
1042797164,10.8333,2.8333,1
1042797161,7.9333,1.9666,1
1042797150,7.3333,1.9333,1
1042797149,11.3,2.4333,1
1042797146,8.4833,2.4333,1
1042797134,7.2333,2.3,1
1042797131,7.9666,2.3,1
1042797121,7.2,2.0666,1
1042797117,7.75,2.1833,1
1042797107,7.0666,1.9666,1
1042797103,8.4166,1.8833,1
1042797092,7.1833,1.9833,1
1042797090,8.8833,2.6,1
1042797078,7.3666,1.9833,1
1042797076,10.35,2.3833,1
1042797064,6.9666,2.6833,1
1042797063,9.8,2.9833,1
1042797050,7.3666,2.6,1
1042797048,9.35,2.6166,1
1042797036,6.6666,2.7166,1
1042797033,9.9333,3.2,1
1042797022,7,2.6166,1
1042797019,9.85,2.7166,1
1042797009,6.3833,2.6166,1
1042797007,10.3,3.3833,1
1042796997,6.4833,2.6166,1
1042796994,10.2166,2.6666,1
1042796986,6.5833,2.55,1
1042796981,6.7,2.3833,1
1042796972,6.9,2.45,1
1042796968,6.5,2.15,1
1039527562,0.5,37.8333,1
1039527319,0.1667,37.6,1
1039526297,-3.5,39.8333,1
1039521784,-4.0667,39.6667,1
919425793,5.91667,-0.98333,1
911686310,-0.71667,36.446812,1
911672830,-25.41667,28.08333,1
911672145,-17.93333,25.83333,1
911671992,-29.778601,23.559031,1
911649351,4.58333,12.98024,1
911649337,4.23333,14.56667,1
911649332,5.0929,14,1
911649298,5.93333,10.24795,1
911649289,6.1891,10.42211,1
911649280,11.99294,15.03333,1
911639526,-3.95,39.59,1
865729431,-27.739,31.383,1
865729211,-11.16,17.86,1
865729198,-14.82323,16.26488,1
865728981,8.6609,-5.29024,1
865728657,-19.6397,17.3424,1
859479739,1.1,31.266667,1
859427654,3.733333,29.716694,1
859419129,3.033333,34.366667,1
859407785,3.7,27.866694,1
859368161,-15.35,28.183333,1
812646769,-3.28333,37.53333,1
812646767,-5.83333,37.83333,1
812646706,-4.36667,37.86667,1
812646545,-4.26667,38.05,1
686484552,1.46667,35.01667,1
686462938,-26.9,32.87694,1
686461884,-6.9,39.1,1
686431107,-25.43261862,31.95721118,1
686408501,-17.91026,15.97259,1
686408500,-16.55,35.13333,1
686408498,-20.5,17.314,1
686370650,-18.36667,21.85,1
686370644,-18.81400948,22.41987236,1
686370553,-24.41667,25.53333,1
686370477,-1.4,36.63333,1
686370475,-1.362480073,36.64625633,1
665926351,-1.36667,36.5,1
665925009,-4,36,1
665925003,-3.775556,36.033333,1
665924970,-3.844444,36.004723,1
665924955,-3.843611,36.007221,1
665924935,-7.84785,36.883781,1
665921786,-17.70068,31.04472,1
665921778,-14.66667,22.5,1
665917175,-29.695,29.932222,1
665917019,-5.066667,38.416668,1
665910190,-1.283333,36.816666,1
665904557,-3.77105,36.057117,1
665904496,-1.183333,36.650001,1
665904341,-2.92,32.08,1
665904031,1.68333,31.533331,1
665903182,-8.51944,35.904171,1
665903001,-7.847222,36.881943,1
665900845,-3.45,36.599999,1
665899019,12.46802,-16.01498,1
665898395,-7.890767,39.842533,1
665897824,9.75,-5.83333,1
665897381,-0.3,35.81667,1
665896342,-8.48333,35.933331,1
665894807,-6.889722,39.068611,1
665894507,-3.79785,36.068817,1
665893845,-3.385755,36.804989,1
665892833,-5.477778,37.474999,1
665892703,-5.03333,38.716671,1
665892126,-9.6577,33.375617,1
665891498,-8.575,35.841671,1
665890977,-3.633333,39.849998,1
665890390,1.81667,32,1
665890231,-8.6583,36.4133,1
665888988,-6.8897,39.067833,1
665888663,-5.2,29.83333,1
665887752,-9.78333,37.966671,1
665886306,9.41667,-7.15,1
665885983,-2.22805,28.785767,1
665885655,-19.66667,22.26667,1
665885562,-5.66667,30.66667,1
665885064,-0.55,29.866667,1
665882989,-6.88333,39.200001,1
665881850,-5.1,38.599999,1
665881841,-19.50428,22.909941,1
665877975,-10.03333,39.5,1
665877213,-2.183333,37.716667,1
665876721,-15.9422,35.5019,1
665876404,-1.58333,34.049999,1
665874691,-5.033333,38.683334,1
665870281,9.943358,34.076427,1
665869121,-10.966666,24.116667,1
665865625,10.5,33.916668,1
665864849,-5.016667,38.716667,1
665862966,-4.1,29.5,1
665857188,-3.966667,39.616665,1
665846249,-3.966667,39.549999,1
665846245,0.2,34.950001,1
665845629,-15.06667,13.55,1
665845628,-12.39529,14.96003,1
665845624,-10.96753,14.36667,1
665845623,-10.98561,14.36667,1
665845619,-11.12121,14.36667,1
665844106,-8.873959,16.086451,1
665840836,-21.98333,16.91667,1
665839722,-21.43333,15.93333,1
665839717,-21.633329,16.83333,1
665835919,-2.083,14.683,1
665822064,-8.9,26.06667,1
665822060,-2.51667,32.666672,1
665822045,-7.08333,36.916672,1
665810064,-25.316669,21.133329,1
665810031,-18.716669,24.35,1
665810018,-19.98333,24.608549,1
665810016,-19.98333,23.80364,1
665809992,-19.98333,23.41667,1
665808854,-29.299999,30.06667,1
665803351,12.084121,34.3869,1
665803350,11.966667,34.366667,1
665800205,-1.466667,37.049999,1
665799105,-0.624,29.542,1
665798841,0.0575,32.46722,1
665798838,-13.73333,15.06667,1
665798837,-13.76667,15.08333,1
665798307,13.16667,24.366671,1
665798305,13.63333,25.26017,1
665798290,-6.18333,35.75,1
665798289,-6.85,36.98333,1
665798288,-12.96667,28.633329,1
665798286,-22.299999,19.98333,1
665798284,-22.5,19.5,1
665798281,-17.910259,15.9724,1
665798280,-17.910259,15.97259,1
665798279,12.583333,23.666666,1
665798138,12.966666,36.200001,1
665798136,12,37.033333,1
665798131,8.316667,39.483334,1
665798126,9.666667,38.583332,1
665797288,11.916667,37.083332,1
665797276,11.116667,37.316666,1
665797265,10.416667,38.200001,1
665797264,9.333333,40.799999,1
665797260,7.483333,38.416668,1
665797250,7.483333,38.533333,1
665797200,12.55,37.066666,1
665797189,13.133333,37.916668,1
665797166,12.15,37.666668,1
665797165,11.883333,37.616665,1
665797157,11.083333,37.866665,1
665797151,8.833333,40.066666,1
665797150,8.816667,40.516666,1
665797145,8.666667,40.75,1
665797115,8.45,40.916668,1
665797112,8.45,41.25,1
665797108,8,41.116665,1
665797106,7.75,40.700001,1
665797105,7.833334,39.416668,1
665797075,9.516666,38.216667,1
665796782,-6.50278,37.166672,1
665796781,-4.43333,38.299999,1
665796770,-4.73333,38.06667,1
665795648,0.5,29.466669,1
665794526,0.79111,34.37944,1
665794502,1.208333,34.366665,1
665794501,1.08333,34.333328,1
665786177,-1.45,36.983334,1
665786167,-3.516667,38.566666,1
665786150,-0.71667,36.433331,1
665785992,-0.5,36.31667,1
665785968,-0.93333,36.56667,1
665757052,-4.2667,38.033299,1
665756625,-3.48333,36.433331,1
665756117,-8.604533,36.475667,1
665754415,-3.80175,35.982717,1
665754331,-9.669967,33.532767,1
665753438,-3.781333,36.033583,1
665752562,12.75,37.700001,1
665751983,-2.23965,28.8117,1
665751670,7.50889,-7.50528,1
665751360,1.75,31.666666,1
665751157,-15.4135,37.07433,1
665750364,-2.216,28.86378,1
665749253,-15.01667,22.16667,1
665749119,-3.063564,37.175827,1
665749107,-2.913578,37.173046,1
665749099,-3.58333,35.833332,1
665746320,10.233334,34.016666,1
665744768,1.016667,35.016998,1
665740138,-8.50556,35.908329,1
665738653,-8.55833,35.849999,1
665738127,-14.96667,22.683331,1
665737423,9.38333,-5.63333,1
665735828,-17.716669,31.183331,1
665735617,1.68333,31.524349,1
665733317,-3.38333,36.783329,1
665732988,-29.665554,29.932222,1
665731739,-10.71667,25.4725,1
665730947,-3.48333,36.716671,1
665730834,-15.39933,37.04283,1
665726284,-7.421111,35.469723,1
665725388,-8.63117,36.72544,1
665724816,-0.33333,35.933331,1
665723828,-6.898333,39.09861,1
665722652,-3.760389,37.647261,1
665721026,-15.66667,29.56667,1
665719224,10.55,34.283333,1
665717939,-0.25,35.733334,1
665717703,-8.62561,36.72233,1
665717524,-15.9381,35.5139,1
583533987,-31.58438,22.62071,1
583489900,-15.93699,25.95,1
476862624,-20.666667,25.666667,1
476860661,-18.41667,19.75,1
476855028,-4.3,39.583333,1
476854967,-0.716667,36.466667,1
476853695,-25.016667,16.75,1
476853692,-18.833333,16.333333,1
476844559,-19.983333,23.416667,1
476844353,-18.733333,17.566667,1
476817437,-2.316667,38.116667,1
476804161,4.411413,33.30029,1
209907982,0.5,25.5,1
209907952,0.75,24.6667,1
209907802,0.8333,25.25,1
209907801,-0.0667,25.2833,1
209907760,-5.0667,18.8667,1
209907759,-4.9833,18.7833,1
209907755,-5.0333,18.8167,1
209907751,-5.1833,19.1167,1
209907739,-5.05,18.9167,1
209907737,-5.1333,18.8167,1
209907646,0.6,25.2167,1
183750255,-26.2,28.0833,1
183750167,-21.75,24.0833,1
183750088,0.05,37.65,1
183750085,-32.5667,27.4167,1
183750029,2.6667,29.8333,1
183750009,8.3,-9.5667,1
183749979,-1.5,30.2667,1
183749962,19.1667,30.4833,1
183749545,-1.9333,30.7,1
183749420,3.4667,25.7167,1
183749399,-9.0833,27.2,1
183749366,-18.6167,24.6667,1
183749354,-5.9333,25.5333,1
183749316,-1.5167,30.4333,1
183749308,4.25,29.5,1
183749307,-0.1333,29.6,1
183749305,-2.2667,34.85,1
183749301,7.4833,-8.6167,1
183749293,4.1667,29.3333,1
183749291,-1.9167,30.3333,1
183749290,2,30.5833,1
183749277,-2.4833,29.7667,1
183749268,-2.6,29.7333,1
183749258,-29.85,31.0167,1
183749242,-11.6667,27.4667,1
183749204,-11.5667,27.4167,1
183748972,-2.4667,29.8167,1
183748967,-7.4167,31.9833,1
183748963,7.5833,-8.5333,1
183748952,3.6833,29.1333,1
183748926,6.3167,-10.8,1
183748911,-8.65,26.5167,1
183748871,-8.9333,27.2,1
183748849,-1.1842,29.4489,1
183748716,-12.55,25.6833,1
183748714,-13.75,24.95,1
183748713,7.7667,4.5667,1
183748703,-6.8021,37.685,1
183748626,-6.9426,37.5331,1
183748625,-6.7699,37.6628,1
183748623,-6.8785,37.5959,1
183748622,-6.843,37.6356,1
183748621,-6.8222,37.6829,1
183748620,-6.8317,37.6586,1
183748619,-6.8121,37.6782,1
183748617,-6.8151,37.6686,1
183748615,-6.8245,37.6457,1
183748607,-25.8833,32.45,1
183748597,12.5667,-15.8833,1
183748584,13.75,-13.7167,1
183748583,13,-13,1
183748580,16.2667,-15.8,1
183748575,16.4167,-16.3,1
183748570,-6.8333,37.6333,1
183748532,-10.1167,39.4,1
183748528,-6.1833,37.1333,1
183748511,-6.8833,37.6667,1
183748481,-6.85,37.6667,1
183748177,-3.2,29.3,1
183748121,-3.7,29.5667,1
183748073,11.5333,-0.4833,1
183747640,10.6167,-5.15,1
183747545,10.6333,-5.15,1
183747503,11.2167,-4.4333,1
183747339,13,1.0667,1
183746261,13.1667,-2.0833,1
183746259,10.2833,-4.9167,1
183746258,12.25,-1.3833,1
183746251,12.3167,-1.7,1
183746245,12.3667,-1.5333,1
183746221,11.2,-4.3,1
183746161,13.0167,-13.1833,1
183746156,13.45,-13.7167,1
183746154,4.2333,13.9833,1
183746152,4.2667,14.0333,1
183746147,8.3833,14.5167,1
183746146,8.3833,14.35,1
183746141,8.4167,14.6667,1
183746058,8.4667,-13.2,1
183746057,8.3333,-13,1
183746051,4.6667,14.5833,1
183745998,9.0833,12.9667,1
183745996,5.7,10.6833,1
183745993,7.1667,14.3,1
183745986,7.1167,14.3167,1
183745985,10.8667,13.8833,1
183745969,-0.1667,35,1
183745964,-0.25,35.7333,1
183745957,7.5667,0.9833,1
183745955,7.5167,1.0167,1
183745954,7.4833,0.9667,1
183745953,7.5167,0.9833,1
183745917,7.55,1.0333,1
183745904,7.5167,1.1833,1
183745649,6.3333,12.8,1
183745632,11.4167,14.5667,1
183745618,6.8333,14.7,1
183745609,7.1,12.4833,1
183745584,10.3333,15.2333,1
183745541,10.5,15.2,1
183745532,10.75,13.8,1
183745530,10.6167,13.5667,1
183745525,10.7167,13.6833,1
183745443,4.05,11.55,1
183745414,6.85,0.7333,1
183745409,7.2,0.7,1
183745408,6.95,0.5833,1
183745399,7.2333,0.6833,1
183745363,10.3,0.4667,1
183745358,9.25,1.2,1
183745345,6.2333,1.4833,1
183745335,7.0167,1.5,1
183745328,7.8,1.3,1
183745327,8.7,0.7833,1
183745326,10.8833,0.4,1
183745324,10.9167,0.15,1
183745315,7.5833,0.6,1
183745300,7.6,0.6167,1
183745297,3.8,10.1333,1
183745294,3.75,8.7833,1
183745290,10.15,11.3833,1
183745289,-1.8167,37.5333,1
183745284,-0.9667,38.3,1
183745279,-13.35,13.8,1
183745278,-15.15,13.3667,1
183745277,-14.5,13.5,1
183745275,21.1667,16.9833,1
183745273,3.3833,11.4667,1
183745272,-15.55,28.2833,1
183745268,-13.5833,24.2167,1
183745266,-13.4667,25.8333,1
183745263,-3.5333,29.65,1
183745261,-6.8333,36.9833,1
183745260,1.1667,34.5333,1
183745259,0.3667,30,1
183745257,1.5333,35.3833,1
183745256,-11.1167,24.1,1
183745251,-3.3667,37.7833,1
183745249,-2.9833,38.4667,1
183745248,-3.3333,37.8333,1
183745231,-3.1667,37.6333,1
183745203,3.1667,12.3333,1
183745184,-10.5833,35.65,1
183745182,-8.6833,34.4167,1
183745181,-7.8333,35.6667,1
183745180,-7.3167,36.5333,1
183745175,-6.7,37.6167,1
183745174,-7.7667,34.2333,1
183745173,-9.1833,33.65,1
183745172,-4.6,38.2333,1
183745171,-10.5833,35.4167,1
183745170,-10.6333,35.4667,1
183745169,-6.8833,37.35,1
183745155,-2.6667,33.1333,1
183745154,-6.9667,37.55,1
183745153,-7.05,37.5833,1
183745152,-6.8833,37.5333,1
183745145,-6.9,37.6667,1
183745141,-3.1333,37.3333,1
183745140,-4.0667,37.7333,1
183745139,-3.2667,36.6833,1
183745138,-3.3333,37.3333,1
183745133,-3.2667,36.7,1
183745124,-6.7333,37.05,1
183745064,-6.7667,37.9,1
183745056,-7.8833,30.85,1
183745053,-8.4667,31.1667,1
183745041,-8.0667,31.9167,1
183745036,-7.7,31.5667,1
183743854,-7.8667,31.6667,1
183743835,-6.8667,37.6,1
183743761,-8.6167,35.3667,1
183743579,-6.35,36.9167,1
183743446,-7.6167,34.6333,1
183743429,-7.5333,35.05,1
183743425,-7.45,35.0833,1
183743416,-5.7833,39.3,1
183743415,-6.3833,39.5833,1
183743414,-4.5667,38.2333,1
183743401,-4.7167,38.2333,1
183743398,-4.6667,38.25,1
183743375,-4.9667,38.3167,1
183743323,-4.7167,38.2833,1
183743091,-4.5833,38.25,1
183742916,-4.4667,35.3833,1
183742915,-4.6333,35.3833,1
183742856,-4.4333,35.4,1
183742781,-9.1833,33.6833,1
183742771,-9.15,33.65,1
183742770,-9.0167,33.0667,1
183742567,-10.6333,35.45,1
183742548,-10.65,35.45,1
183742518,-10.9,37.4833,1
183742517,-10.6167,39.2,1
183742484,-10.7333,38.55,1
183742460,-10.5833,38.55,1
183742246,-10.0667,38.95,1
183741792,-7.1667,37.5,1
183741674,-6.6667,39.2167,1
183741372,-2.5167,32.9,1
183741368,-7.6167,37.1333,1
183741357,-7.6833,37.1,1
183741304,-7.7167,37.1333,1
183740996,-6.4,37.6,1
183740915,-6.85,37.6333,1
183740744,-6.5167,37.6333,1
183740743,-6.5,37.6333,1
183739566,-6.4667,37.6333,1
183739219,-6.4167,37.6667,1
183738638,-6.5333,37.6333,1
183738527,-6.4833,37.65,1
183736243,-6.55,37.6333,1
183736236,-6.4167,37.6333,1
183735508,-1.95,30.0667,1
183735507,-1.95,30,1
183735485,-2.1667,30.1,1
183735482,-2.2167,30.5833,1
183735477,-2.6667,29.7833,1
183735476,-2.6333,29.8167,1
183735463,-2.5167,29.4333,1
183735459,-2.2667,30.2667,1
183735448,-2.4833,29.9333,1
183735446,-2.4667,29.9167,1
183735445,-2.7167,29.55,1
183735443,-2,30.5833,1
183735442,-1.5667,30.25,1
183735434,-2.1667,30.5333,1
183735433,-2.4667,29.2,1
183735432,-2.5167,28.8667,1
183735431,-1.4333,30.25,1
183735426,-2.5,29.5167,1
183735425,-1.9833,30.15,1
183735424,-2.0833,30.3333,1
183735287,-2.4833,29.5667,1
183735283,-2.4,29.1333,1
183735280,-1.5833,29.5,1
183735279,-1.9167,30.2833,1
183735276,-1.9833,30.1833,1
183735246,-2.5667,29.7167,1
183735235,-2.6833,29,1
183735234,5.3333,-4.1167,1
183735179,5.3,-4.45,1
183735178,5.3167,-4.3833,1
183734851,5.4167,-4.05,1
183734842,5.3667,-3.8167,1
183734803,7.4333,-8.2833,1
183734802,7.3,-8.0667,1
183734800,6.7833,-7.3,1
183734799,6.75,-7.35,1
183734798,6.55,-7.4833,1
183734797,6.5333,-8.4667,1
183734796,6.6167,-8.4833,1
183734795,7.2833,-8.05,1
183734775,7.9833,-6.7167,1
183734754,5.1333,-5.0167,1
183734751,9.5667,-4.05,1
183734750,9.3333,-4.6833,1
183734749,6.2,-4.9667,1
183734744,7.0833,-4.0667,1
183734739,7.8833,-4.6333,1
183734738,7.8167,-4.6833,1
183734735,9.4,-4.4833,1
183734727,9.7,-5.3333,1
183734715,8.5167,-5.3167,1
183734692,10.05,-7.5333,1
183734640,7.3667,-7.35,1
183734624,7.65,-7.6167,1
183734613,6,-7.5333,1
183734472,6.55,-8.3833,1
183734467,5.8,-5.25,1
183734466,6.7333,-3.4833,1
183734360,9.4,-3,1
183734339,7.6833,-5.0333,1
183734336,8.2167,-5.1333,1
183734287,5.3167,-4.3333,1
183734244,6.4333,-8.15,1
183734226,9.8,-3.3333,1
183734223,6.8333,-5.05,1
183734203,-4.6,15.1667,1
183734197,-11.0667,27.05,1
183734194,0.25,29.7167,1
183734191,-11.7833,27.9833,1
183734188,-11.7,27.5667,1
183734186,-2.5,28.8667,1
183734183,-10.35,23.4833,1
183734181,-4.3167,15.35,1
183734180,-4.2333,15.5333,1
183734179,-1.4667,29.3333,1
183734168,0,29.0333,1
183734164,0.15,29.3,1
183734148,-3.0167,28.1,1
183734146,-5.8833,22.4333,1
183734145,-3.1833,26.6167,1
183734144,-3.35,28.1333,1
183734143,-11.5,27.4,1
183734142,-12.75,28.5667,1
183734127,-10.9667,26.7833,1
183734122,-5.95,29.1667,1
183734120,1.5667,30.2167,1
183734118,-5.3333,27,1
183734076,-4.7833,12.9,1
183734075,0.2,29.3,1
183734064,-11.6833,27.5,1
183734058,-4.5167,26.5833,1
183734041,3.1667,19.25,1
183734038,-3.35,23.25,1
183734015,-11.5667,27.35,1
183734011,3.6667,29.15,1
183733415,-11.4833,27.45,1
183733414,-11.45,27.85,1
183733413,-12.85,29.2,1
183733411,-11.55,27.6167,1
183733407,-11.0667,27.0667,1
183733403,-11.75,27.5667,1
183733399,-11.7,27.4167,1
183733398,-11.7167,27.4833,1
183733392,1.7333,30.6667,1
183733391,-3.1833,28.3333,1
183733388,-6.7167,29.5167,1
183733387,-2.8333,18.4,1
183733382,-0.4833,28.8167,1
183733377,-5.8333,13.05,1
183733371,-2.0833,16.4,1
183733368,-11.6833,27.4667,1
183733367,-10.4833,22.4833,1
183733361,-2.15,16.2333,1
183733356,2.1333,31.25,1
183733349,-0.75,22.4167,1
183733343,2.75,27.6833,1
183733341,3.3667,25.7333,1
183733340,-2.3167,28.8,1
183733339,-0.6667,29.1333,1
183733335,0.35,29.7167,1
183733334,3.1333,26.9667,1
183733331,0.85,27.55,1
183733330,0.55,27.7333,1
183733329,0.65,29.5,1
183733326,2.4167,27.3,1
183733322,2.7833,24.8333,1
183733321,0.4833,29.4833,1
183733320,-6.5,16.9167,1
183733318,-7.7,17.3333,1
183733305,1.9333,30.05,1
183733300,1.8833,30.1167,1
183733297,-2.1,16.4333,1
183733284,-2.15,16.4167,1
183733278,-6.0167,22.3167,1
183733276,1.3833,30.4333,1
183733263,-5.8333,13.5333,1
183733253,-7.5667,17.2333,1
183733249,-11.6833,27.4833,1
183733240,-8.3667,22.25,1
183733236,-10.6667,22.6667,1
183733235,-5.3333,24.8667,1
183733231,-10.95,23.5667,1
183733228,-0.1667,29.3667,1
183733224,2.1667,27.65,1
183733223,1.3,27.5833,1
183733222,1.0167,29.9667,1
183732977,-10.45,22.4667,1
183732956,-5.9667,12.45,1
183732954,-8.0167,23.0167,1
183732952,-10.8167,26.1167,1
183732948,-10.3,26.0667,1
183732945,-8.75,28.6667,1
183732940,-10.4667,27.5333,1
183732929,-12.35,29.5833,1
183732923,1,30,1
183732915,-1,23.3333,1
183732913,-6.5,29.4833,1
183732911,-6.3333,26.9167,1
183732910,1.8667,26.3833,1
183732899,3.25,27.95,1
183732895,3.75,29.6667,1
183732891,3.15,29.8333,1
183732889,4.0833,27.6833,1
183732888,2.85,24.5667,1
183732875,1.5333,29.85,1
183732864,-4.8333,23.4333,1
183732863,-5.3333,21.55,1
183732862,-0.8833,18.15,1
183732861,-5.1333,15.3167,1
183732858,-5.85,12.2833,1
183732855,-5.9167,12.4,1
183732847,-3.1833,16.2667,1
183732846,-5.4667,13.2167,1
183732844,-6.4667,20.8,1
183732841,3.5333,24.8333,1
183732840,-9.8333,25.5333,1
183732837,-8.4667,28.8667,1
183732831,1.45,27.6167,1
183732791,0.3333,29.5,1
183732789,1.5,21.05,1
183732788,1.2833,24.5667,1
183732787,1.55,25.3833,1
183732786,-9.5833,25.8667,1
183732785,0.8667,27.5667,1
183732721,-5.7,13.6667,1
183732712,0.7167,27.35,1
183732707,4.7333,27.7,1
183732702,0.1,29.65,1
183732696,0.75,29.8333,1
183732671,9.45,-3.9,1
183732663,9.5667,-3.8833,1
183732659,9.5833,-3.9167,1
183732651,9.5667,-3.9333,1
183732622,9.6833,-6.4,1
183732619,5.3333,-4.1333,1
143133757,-4.5634,38.2538,1
143133751,-6.223,37.2755,1
143133749,-6.2247,37.2732,1
143133747,-6.2242,37.2751,1
143133740,-6.1937,37.3598,1
143133736,-6.1863,37.3503,1
143133729,-6.1901,37.34,1
143133716,-6.4799,37.3863,1
143133715,-6.4826,37.3817,1
143133712,-6.4853,37.3865,1
143133707,-6.4849,37.4105,1
143133704,-6.4916,37.4179,1
143133703,-6.4862,37.4203,1
143133699,-6.5134,37.3944,1
143133698,-6.5123,37.3977,1
143133695,-6.5092,37.3988,1
143133682,-6.4305,37.379,1
143133680,-6.5058,37.4003,1
143133679,-6.4728,37.3866,1
143133675,-6.4951,37.4012,1
143133671,-6.4889,37.4063,1
143133668,-6.8267,37.66,1
143133651,-4.3415,38.146,1
143133649,-4.3432,38.1613,1
143133645,-4.5623,38.2564,1
143133640,-4.5807,38.2695,1
143133638,-4.581,38.2694,1
143133609,-6.812,37.6806,1
143133479,-10.7507,38.5313,1
143133470,-10.7565,38.5316,1
143133455,-10.4797,39.0485,1
143133434,-10.7274,38.807,1
143129139,-25.8967,32.5429,1
143129121,-25.8754,32.4463,1
143129041,-6.8274,37.6317,1
143125127,-5.1759,19.1166,1
143124685,-5.066,18.914,1
143116920,-6.7967,37.6351,1
143116834,-6.8201,37.6628,1
143116823,-6.7968,37.6746,1
143109133,-6.8388,37.6409,1
143108978,-12.5167,26.1333,1
143104835,-6.827,37.6809,1
143104804,-6.8296,37.6528,1
143104795,-6.8044,37.7217,1
143104790,-6.7838,37.74,1
143104622,-6.7918,37.6638,1
143104318,-6.9376,37.5355,1
143104078,-6.8146,37.6996,1
143103902,-6.8252,37.6573,1
143103889,-6.8181,37.6691,1
143103789,-6.8239,37.6743,1
143096394,-3.25,36.75,1
143096359,-7.8167,35.1667,1
143096346,-5.4167,32.8167,1
143096312,-3.6833,37.5333,1
143096268,-3.5167,37.7167,1
143096250,-4.1667,37.9833,1
143096215,-6.3333,35.8333,1
143096210,-6.8333,37.65,1
143096164,-4.4833,37.1667,1
143096142,-5.2333,36.5,1
143096111,-5.7667,36.4667,1
143096083,-8.5167,33.5,1
143082858,1.05,30.1167,1
143082857,-0.6333,29.3667,1
143082856,-0.05,29.0333,1
143082854,-0.4667,29.65,1
143082853,-0.1667,29.5,1
143082851,0.8333,29.9833,1
143082850,-1.1667,29.45,1
143082844,-0.6833,29.45,1
143082842,0.5833,29.85,1
143082841,-0.7833,29.2833,1
143082838,0.4167,29.7667,1
143082837,0.3167,29.75,1
143082834,-0.15,29.4167,1
143082825,0.2,29.65,1
143082824,1.0833,30.1167,1
143082819,-0.8667,29.4167,1
143082818,0.3333,29.7667,1
143082810,-0.05,29.0167,1
143082797,0.6667,29.7833,1
143082795,0.4,29.6,1
143082793,-1.2,29.45,1
143082788,-0.9167,29.3333,1
143082766,4,29,1
143082765,4.1833,29.4833,1
143082764,4.3667,29.7833,1
143082761,4.2167,29.35,1
143082759,3.9167,29.4167,1
143082732,4.3333,29.2667,1
143082726,4.5833,29.7,1
143082719,4.3333,29.5667,1
143082715,4.6333,29.55,1
143082678,3.9667,29.3833,1
143082647,4.5333,29.45,1
143082622,-0.0167,29.35,1
143082619,-1.1833,29.45,1
143064327,-4.9772,18.7745,1
38024547,-15.52,28.18,1
38024533,-14.43,28.45,1
38021933,-2.9861,35.3444,1
38021932,-27.167,31.9833,1
38021930,-27.8458,23.5553,1